/*
Navicat MySQL Data Transfer

Source Server         : li
Source Server Version : 50536
Source Host           : localhost:3306
Source Database       : o2o_shop

Target Server Type    : MYSQL
Target Server Version : 50536
File Encoding         : 65001

Date: 2017-11-20 11:06:59
*/

SET FOREIGN_KEY_CHECKS=0;

-- ----------------------------
-- Table structure for o2o_area
-- ----------------------------
DROP TABLE IF EXISTS `o2o_area`;
CREATE TABLE `o2o_area` (
  `id` int(11) unsigned NOT NULL AUTO_INCREMENT,
  `name` varchar(50) NOT NULL DEFAULT '',
  `city_id` int(11) unsigned NOT NULL DEFAULT '0',
  `parent_id` int(10) unsigned NOT NULL DEFAULT '0',
  `listorder` varchar(20) NOT NULL DEFAULT '0',
  `status` tinyint(1) NOT NULL DEFAULT '0',
  `create_time` int(11) unsigned NOT NULL DEFAULT '0',
  `update_time` int(11) unsigned NOT NULL DEFAULT '0',
  PRIMARY KEY (`id`),
  KEY `city_id` (`city_id`) USING BTREE
) ENGINE=InnoDB DEFAULT CHARSET=utf8;

-- ----------------------------
-- Records of o2o_area
-- ----------------------------

-- ----------------------------
-- Table structure for o2o_bis
-- ----------------------------
DROP TABLE IF EXISTS `o2o_bis`;
CREATE TABLE `o2o_bis` (
  `id` int(11) unsigned NOT NULL AUTO_INCREMENT,
  `name` varchar(50) NOT NULL DEFAULT '',
  `email` varchar(50) NOT NULL DEFAULT '',
  `logo` varchar(255) NOT NULL DEFAULT '',
  `licence_logo` varchar(255) NOT NULL DEFAULT '' COMMENT '营业执照照片',
  `description` text NOT NULL,
  `city_id` int(11) unsigned NOT NULL DEFAULT '0',
  `city_path` varchar(255) NOT NULL DEFAULT '' COMMENT '1,2',
  `bank_info` varchar(255) NOT NULL DEFAULT '' COMMENT '体现银行账号',
  `money` decimal(20,2) NOT NULL DEFAULT '0.00' COMMENT '金额',
  `bank_name` varchar(30) NOT NULL DEFAULT '' COMMENT '提现的开户行名称',
  `bank_user` varchar(30) NOT NULL DEFAULT '' COMMENT '提现的开户行姓名',
  `faren` varchar(255) NOT NULL COMMENT '法人',
  `faren_tel` varchar(255) NOT NULL COMMENT '法人联系电话',
  `listorder` varchar(20) NOT NULL DEFAULT '0',
  `status` tinyint(1) NOT NULL DEFAULT '1',
  `create_time` int(11) unsigned NOT NULL DEFAULT '0',
  `update_time` int(11) unsigned NOT NULL DEFAULT '0',
  PRIMARY KEY (`id`),
  KEY `city_id` (`city_id`) USING BTREE,
  KEY `name` (`name`) USING BTREE
) ENGINE=InnoDB AUTO_INCREMENT=97 DEFAULT CHARSET=utf8;

-- ----------------------------
-- Records of o2o_bis
-- ----------------------------
INSERT INTO `o2o_bis` VALUES ('1', '优乐美店', 'tracywxh0830@126.com', '/upload/20170815/1502767955423733.jpg', '/upload/20170122/92954b81303a22bd63edce3146c40e19.png', '<p>ss</p>', '4', '4,8', '123', '0.00', '中国农业银行', '王大仙', '王大仙', '18618158951', '0', '1', '1485041424', '1504036421');
INSERT INTO `o2o_bis` VALUES ('2', '肯德基哈', 'tracywxh0830@126.com', '/upload\\20170830\\4c12c765d568d136d5d758dc9ca618d3.jpg', '/upload\\20170830\\4542ff3f43eec464adc64bae89ebb52a.jpg', '&lt;p&gt;肯德基哈,,二哈&lt;/p&gt;', '4', '4,5', '123', '0.00', '中国农业银行', '王大炮', '王大炮', '18618158951', '0', '1', '1485043108', '1503941061');
INSERT INTO `o2o_bis` VALUES ('3', '哇哈哈店', 'tracywxh0830@126.com', '/upload\\20170830\\2e72a7918b7d1dfae0e9786915402425.jpg', '/upload\\20170830\\ec68b1dce5450ec03c71c2b1c10a985f.jpg', '&lt;p&gt;哇哈&lt;span style=&quot;color: rgb(0, 176, 240);&quot;&gt;哈哈哇&lt;/span&gt;哈哈哈&lt;/p&gt;', '10', '10,11', '123', '0.00', '中国农业银行', '王小蜜王小蜜', '王小蜜', '18618158951', '0', '1', '1485044342', '1506402117');
INSERT INTO `o2o_bis` VALUES ('4', '测试商户', 'tracywxh0830@126.com', '/upload\\20170830\\1c8893c3cfa32e213576b9fc9b930df5.jpg', '/upload\\20170830\\8f60e019310524af5feee2ab6569735f.jpg', '&lt;p&gt;试试&lt;/p&gt;', '4', '4,6', '123', '0.00', '中国农业银行', '王东城', '王东城', '18618158951', '0', '-1', '1485045612', '1504418086');
INSERT INTO `o2o_bis` VALUES ('5', '牛太郎自助烧烤', 'tracywxh0830@126.com', '/upload/20170815/1502768542902505.jpg', '/upload/20170219/df40f1c2e5a16c296364e4d2393127d6.jpg', '我是谁', '4', '4,5', '22234665464564', '0.00', '中国农业银行', '王南昌', '王南昌', '18618158951', '0', '0', '1487489106', '1504516486');
INSERT INTO `o2o_bis` VALUES ('6', '江户前料理', 'tracywxh0830@126.com', '/upload\\20170831\\58df47ff3c3f47e268761b23edfaab2a.jpg', '/upload\\20170831\\ad57a2dfd59d7073a74e79d21adf84b5.jpg', '&lt;p&gt;block;&amp;quot;/&amp;gt;&lt;/p&gt;&lt;p&gt;&lt;br/&gt;&lt;/p&gt;', '4', '4,5', '765342', '0.00', '中国邮政银行', '偶像', '偶像', '203593984', '0', '0', '1487503055', '1504516464');
INSERT INTO `o2o_bis` VALUES ('7', '江户前好料理', 'tracywxh0830@126.com', '/upload/20170815/1502767955423733.jpg', '/upload/20170219/ed6baf2b9686ffe4c17f9052b1c041aa.jpg', '<p><span style=\"color: rgb(102, 102, 102); font-family: &#39;Hiragino Sans GB&#39;, arial, Verdana, tahoma, 宋体, sans-serif; font-size: 14px; line-height: 25px;\">江江户前日式餐厅在大连拥有3家店铺，有着十年左右的历史，本着以品质与文化为基础,以服务与创新为发展,全力打造品牌,不断创新,进取,赢得世界消费者喜爱的品牌如今也坐落在了南昌瑞颐大酒店2楼，主要服务于星级酒店内的宾客，为高端星级酒店提供高品质的美食。依托江户前品牌的强大号召力，在为宾客提供高品质美食的同时，提升酒店的品质与文化。这里不仅让可以让您领略正宗的日式铁板料理，而且奉上了日式，韩式，西式等各国饮食，让您品尝不同美食的同时，体验不一样的各个文化。店内尽显日式装修风格，设有5张铁板烧，厨师团队倾心打造，只需坐店中一隅，便可品尽心中企盼之美味。 万水千山走遍，只为寻到美味的至真至醇。</span></p>', '4', '4,5', '22234665464564', '0.00', '中国农业银行', '小虾米', '小虾米', '18618158951', '0', '-1', '1487503182', '1503941052');
INSERT INTO `o2o_bis` VALUES ('8', '黄记煌三汁焖锅', 'tracywxh0830@126.com', '/upload/20170815/', '/upload/20170219/d2f4a90b29ff6f9751456f0fe44d09f2.jpg', '<h3 class=\"w-section-header\" style=\"font-size: 20px; margin: 0px; padding: 30px 0px 15px; border-width: 0px 0px 1px; border-bottom-style: solid; border-bottom-color: rgb(197, 197, 197); outline: 0px; font-weight: normal; font-family: &#39;microsoft yahei&#39;; vertical-align: baseline; width: 725px; font-stretch: normal; color: rgb(102, 102, 102); white-space: normal;\">商家介绍</h3><p><img src=\"/ueditor/php/upload/image/20170219/1487503607377704.jpg\" title=\"图片\" style=\"border: 0px; padding: 0px; margin: 0px; outline: 0px; font-weight: inherit; font-style: inherit; font-family: inherit; vertical-align: baseline; float: none; display: block;\"/></p><p><br/></p>', '10', '10,13', '22234665464564', '0.00', '中国农业银行', '成功', '成功', '18618158951', '0', '-1', '1487503735', '1502945363');
INSERT INTO `o2o_bis` VALUES ('9', '食在自助火锅百汇', 'tracywxh0830@126.com', '/upload\\20170830\\0745d6d1bd2c514a4d72f12cdd3dce2a.jpg', '/upload/20170219/de895022acce2a7c94e1dd255a7565f9.jpg', '&lt;p&gt;好吃哦，我在江西九江，快来&lt;/p&gt;', '10', '10,11', '22234665464564', '0.00', '中国农业银行', '王新华', '王新华', '18618158951', '0', '1', '1487507175', '1504079886');
INSERT INTO `o2o_bis` VALUES ('10', '灰太狼', '123123@163.vip.com', '/upload\\20170830\\1632e484a3549c2f375d8e23f1a22694.jpg', '/upload\\20170830\\fbb040c1335993b44b0771409ea7f87b.jpg', '<p>我是商家，<span style=\"font-size: 24px; color: rgb(0, 112, 192);\">我最大</span></p>', '4', '4,8', '123123', '0.00', '动感地带，我的用户', '灰太狼', '红太狼', '12345456', '0', '-1', '1487507175', '1504036240');
INSERT INTO `o2o_bis` VALUES ('11', '乳酸菌', '123123@163.vip.com', '/upload\\20170830\\1632e484a3549c2f375d8e23f1a22694.jpg', '/upload\\20170830\\fbb040c1335993b44b0771409ea7f87b.jpg', '<p>我是商家，<span style=\"font-size: 24px; color: rgb(0, 112, 192);\">我最大</span></p>', '4', '4,7', '123123', '0.00', '动感地带，我的用户', '动感', '地带', '12345456', '0', '-1', '1504036240', '1504036240');
INSERT INTO `o2o_bis` VALUES ('36', '小红', '13542902370@163.com', '/upload\\20170830\\fba6807d34050d5fdf992ba133baeb78.jpg', '/upload\\20170830\\d51923d127a38bd3dcb0d99d65622d76.jpg', '&lt;p&gt;我是小红&lt;/p&gt;', '10', '10,12', '1232', '0.00', '23423', '小红', '小红', '123123', '0', '-1', '1504102644', '1504418107');
INSERT INTO `o2o_bis` VALUES ('46', '慕课', '13542902370@163.com', '/upload\\20170830\\25fad3780ee23e0c356c72c854e79041.jpg', '/upload\\20170830\\be79d708d0654a6c2e43ad3469a0ddae.jpg', '&lt;p&gt;手动阀是&lt;/p&gt;', '14', '14,17', '23123', '0.00', '木库', '慕课', '慕课', '123123', '0', '1', '1504106357', '1504522426');
INSERT INTO `o2o_bis` VALUES ('47', '小小店铺', '135520@163.com', '/upload\\20170904\\5475679122e51ea0d48458beb84e77b3.jpg', '/upload\\20170904\\336c487b766baf7f8dd34766ab177ae7.jpg', '&lt;p&gt;&lt;img src=&quot;/ueditor/php/upload/image/20170903/1504420235228326.jpg&quot; title=&quot;1504420235228326.jpg&quot; alt=&quot;timg (2).jpg&quot;/&gt;123asdas&lt;/p&gt;', '4', '4,6', '12345678888888888', '0.00', 'xiaoxiao1', 'xiaoxiao2', 'xiaoxiao3', 'xiaoxiao4', '0', '1', '1504107493', '1504516472');
INSERT INTO `o2o_bis` VALUES ('50', 'xiaok', '13542902370@163.com', '/upload\\20170831\\ea964ffacd79289d27ef1d5c77844172.jpg', '/upload\\20170831\\3813a5e8d72a7246e2b8c9cf4bbb5be3.jpg', '&lt;p&gt;xiaok小K之家&lt;/p&gt;', '15', '15,18', '2312323', '0.00', 'xiaok', 'xiaok', 'xiaok', '2343223', '0', '1', '1504117682', '1504418197');
INSERT INTO `o2o_bis` VALUES ('51', '电脑城', '13542902370@163.com', '/upload\\20170902\\156d9cf234fbd84ab94b9261c28f11a0.jpg', '/upload\\20170902\\83c211239c3f22e8136889d6ddb950a2.jpg', '&lt;p&gt;我是电脑，我是电脑，我是电脑，我是电脑，我是电脑，我是电脑，&lt;/p&gt;', '4', '4,9', '66666666666666666', '0.00', '电脑', '电脑', '电脑', '123123', '0', '0', '1504366680', '1506402269');
INSERT INTO `o2o_bis` VALUES ('52', '心悦', '643568695@qq.com', '/upload\\20170904\\2a641b8b864787ba5e65b693dd8c9238.jpg', '/upload\\20170904\\b91c89d9a2e747ed269a226748730ec2.jpg', '&lt;p&gt;心悦，为之愉悦&lt;/p&gt;', '14', '14,17', '123', '0.00', '心', '悦', '心悦', '123123', '0', '0', '1504498052', '1506402255');
INSERT INTO `o2o_bis` VALUES ('76', 'study', '1232@QQ.COM', '/upload\\20170904\\8b15efa4300d6d4309721bb0127def01.jpg', '/upload\\20170904\\4b7d34933c19d9b86e9c82d149394af8.jpg', '&lt;p&gt;&lt;span style=&quot;color: rgb(0, 176, 240);&quot;&gt;sadddddddfstudy&lt;/span&gt;&lt;/p&gt;', '16', '16', '234', '0.00', '12312', 'study', 'study', '123', '0', '1', '1504516960', '1504522408');
INSERT INTO `o2o_bis` VALUES ('88', 'iPhone', '12312312312@qq.com', '/upload/20170914/d1413e60af2902654a65e5910357b07e.jpg', '/upload/20170914/a528e65d5e368a71fcc7e9039b7f40bb.jpg', '&lt;p&gt;苹果很牛叉吧，&lt;span style=&quot;color: rgb(137, 137, 137); font-family: 微软雅黑; font-size: 14px;&quot;&gt;当地时间2017年9月12日，苹果公司在Apple Park的史蒂夫-乔布斯剧院举行2017苹果秋季新品发布会。在本次发布会上苹果推出了最新款iPhone、Apple Watch和AppleTV。备受瞩目的十周年特别版iPhone X售价999美元，做实最贵iPhone称号。图为iPhone在售版本及新品全家福。&lt;/span&gt;&lt;/p&gt;', '14', '14,17', '666666666666666', '0.00', 'iPhone', 'iPhone', '史蒂夫-乔布斯', '5555555555555', '0', '1', '1505351494', '1506402224');
INSERT INTO `o2o_bis` VALUES ('89', '测试', '234@qq.com', '/upload/20170914/8630d9802492df8c90a3bd46cc483886.jpg', '/upload/20170914/6a43944d8802f6a176fe93d243e3f305.jpg', '&lt;p&gt;我是测试数据&lt;/p&gt;', '15', '15,18', '234324', '0.00', 'ceshi', '测试', 'ceshi', '123123', '0', '-1', '1505374458', '1505374679');
INSERT INTO `o2o_bis` VALUES ('96', '在路上', '123@qq.com', '/upload/20170926/331f8dba9a33eeaa0d61959261239271.jpg', '/upload/20170926/25acc61c48e728bf6a05a3b739699167.jpg', '&lt;p&gt;&lt;span style=&quot;color: rgb(0, 112, 192);&quot;&gt;人生可以随心所欲，但不能随波逐流&lt;/span&gt;&lt;/p&gt;', '14', '14', '123', '0.00', '我是谁', '我是谁', '在路上', '123123', '0', '1', '1506401078', '1506402249');

-- ----------------------------
-- Table structure for o2o_bis_account
-- ----------------------------
DROP TABLE IF EXISTS `o2o_bis_account`;
CREATE TABLE `o2o_bis_account` (
  `id` int(11) unsigned NOT NULL AUTO_INCREMENT,
  `username` varchar(50) NOT NULL DEFAULT '',
  `password` char(32) NOT NULL DEFAULT '',
  `code` varchar(10) NOT NULL COMMENT '登录用的标识码(md5加密前缀)',
  `bis_id` int(11) unsigned NOT NULL DEFAULT '0',
  `last_login_ip` varchar(30) NOT NULL DEFAULT '' COMMENT '最后登录时间',
  `last_login_time` int(11) unsigned NOT NULL DEFAULT '0',
  `is_main` tinyint(1) NOT NULL DEFAULT '0' COMMENT '是否为默认总管理员',
  `listorder` varchar(20) NOT NULL DEFAULT '0',
  `status` tinyint(1) NOT NULL DEFAULT '1',
  `create_time` int(11) unsigned NOT NULL DEFAULT '0',
  `update_time` int(11) unsigned NOT NULL DEFAULT '0',
  PRIMARY KEY (`id`),
  KEY `bis_id` (`bis_id`) USING BTREE
) ENGINE=InnoDB AUTO_INCREMENT=91 DEFAULT CHARSET=utf8;

-- ----------------------------
-- Records of o2o_bis_account
-- ----------------------------
INSERT INTO `o2o_bis_account` VALUES ('1', 'admin1', '2710619b9515f52075bcf9d5ae75fa98', '3420', '2', '', '0', '1', '0', '1', '1485043108', '1486200038');
INSERT INTO `o2o_bis_account` VALUES ('2', 'admin2', '1ac742cf26dec463b60db60493d4a45c', '9588', '3', '', '0', '1', '0', '1', '1485044342', '1486199730');
INSERT INTO `o2o_bis_account` VALUES ('3', '灰太狼', '8fc5e30274fbb6b4b2fdf59860dbc7bb', '4830', '21', '127.0.0.1', '1504035542', '0', '0', '-1', '1504035542', '1504035542');
INSERT INTO `o2o_bis_account` VALUES ('4', '八哥', '6bcb53712a93a0e1f20b71e15ac27cb0', '1996', '22', '127.0.0.1', '1504036241', '0', '0', '-1', '1504036241', '1504036241');
INSERT INTO `o2o_bis_account` VALUES ('5', '小红', '1b6e7dd78689d02d2d94da02061f6499', '5194', '36', '127.0.0.1', '1504102644', '0', '0', '-1', '1504102644', '1504102644');
INSERT INTO `o2o_bis_account` VALUES ('7', 'xiaoxiao', 'c6c08d5338e24a926989b47ffea0774c', '9869', '47', '192.168.1.103', '1504645338', '0', '0', '-1', '1504107493', '1504107493');
INSERT INTO `o2o_bis_account` VALUES ('42', 'xiaok', '66fd659e6955d20d10c4f56ca32f29d8', '1881', '50', '127.0.0.1', '1504117682', '0', '0', '-1', '1504117682', '1504117682');
INSERT INTO `o2o_bis_account` VALUES ('44', '123qwe', '1b6e7dd78689d02d2d94da02061f6499', '7429', '52', '127.0.0.1', '1504268522', '0', '0', '-1', '1504268522', '1504268522');
INSERT INTO `o2o_bis_account` VALUES ('45', '电脑', '917bbb7148ff8ac0dcb34ae58d5fb1d4', '1018', '51', '127.0.0.1', '1504366680', '0', '0', '-1', '1504366680', '1504366680');
INSERT INTO `o2o_bis_account` VALUES ('46', '心悦', 'ed971f03a39d65c303e2c1706c643365', '4311', '52', '127.0.0.1', '1504498052', '0', '0', '-1', '1504498052', '1504498052');
INSERT INTO `o2o_bis_account` VALUES ('70', 'study', 'ff965d2fd71a4dafeea51b29ef065715', '8097', '76', '127.0.0.1', '1504522245', '0', '0', '-1', '1504516960', '1504516960');
INSERT INTO `o2o_bis_account` VALUES ('82', 'iPhone', 'b463d28573a263a79640c1f035f89d49', '8765', '88', '61.140.40.221', '1505351565', '0', '0', '-1', '1505351494', '1505351494');
INSERT INTO `o2o_bis_account` VALUES ('83', '测试', '1119e7b644432568443a29c78a5aa7eb', '7791', '89', '61.140.40.221', '1505374513', '0', '0', '-1', '1505374458', '1505374458');
INSERT INTO `o2o_bis_account` VALUES ('90', '在路上', '8874c93ae8fd9ea63f0e160c191354ad', '4689', '96', '113.68.142.2', '1506401078', '0', '0', '1', '1506401078', '1506401078');

-- ----------------------------
-- Table structure for o2o_bis_foods
-- ----------------------------
DROP TABLE IF EXISTS `o2o_bis_foods`;
CREATE TABLE `o2o_bis_foods` (
  `id` int(11) NOT NULL AUTO_INCREMENT,
  `name` text NOT NULL COMMENT '商品名称',
  `category_id` int(11) NOT NULL COMMENT '生活服务分类ID',
  `se_category_id` varchar(200) NOT NULL,
  `bis_id` int(11) NOT NULL COMMENT '所属的商户ID',
  `location_ids` varchar(200) NOT NULL COMMENT '所属店面ID',
  `image` varchar(255) NOT NULL COMMENT '主图',
  `description` text NOT NULL COMMENT '信息描述详情',
  `start_time` int(11) NOT NULL DEFAULT '0' COMMENT '上线开始时间，可为0为不限时',
  `end_time` int(11) NOT NULL DEFAULT '0' COMMENT '下架时间，可为0为不限时',
  `origin_price` decimal(20,2) NOT NULL COMMENT '原价',
  `current_price` decimal(20,2) NOT NULL COMMENT '当前销售价',
  `city_id` int(11) NOT NULL COMMENT '所属的城市',
  `buy_count` int(11) NOT NULL DEFAULT '0' COMMENT '销量（购买的件数）',
  `total_count` int(11) NOT NULL COMMENT '商品总数',
  `listorder` int(11) NOT NULL DEFAULT '0' COMMENT '排序',
  `coupons_begin_time` int(11) NOT NULL COMMENT '团购券的生效时间',
  `coupons_end_time` int(11) NOT NULL COMMENT '团购券的过期时间',
  `create_time` int(11) NOT NULL COMMENT '管理员发布时间',
  `update_time` int(11) NOT NULL COMMENT '管理员更新时间',
  `xpoint` varchar(255) NOT NULL COMMENT '经度（第一个分店的经度）',
  `ypoint` varchar(255) NOT NULL COMMENT '纬度（第一个分店的纬度）',
  `status` tinyint(1) NOT NULL DEFAULT '1' COMMENT '商家提交的产品 0:已审核 1审核 2:等待审核 -1 下架',
  `bis_account_id` int(11) NOT NULL COMMENT '商家提交的商家帐号ID',
  `balance_price` decimal(20,2) NOT NULL DEFAULT '0.00' COMMENT '与商家的结算价（即商价提供给平台商的成本价）',
  `notes` text NOT NULL COMMENT '购买需知',
  PRIMARY KEY (`id`),
  KEY `category_id` (`category_id`) USING BTREE,
  KEY `bis_id` (`bis_id`) USING BTREE,
  KEY `start_time` (`start_time`) USING BTREE,
  KEY `end_time` (`end_time`) USING BTREE,
  KEY `current_price` (`current_price`) USING BTREE,
  KEY `city_id` (`city_id`) USING BTREE,
  KEY `listorder` (`listorder`) USING BTREE,
  KEY `create_time` (`create_time`) USING BTREE,
  KEY `update_time` (`update_time`) USING BTREE
) ENGINE=InnoDB AUTO_INCREMENT=53 DEFAULT CHARSET=utf8 COMMENT='团购数据表';

-- ----------------------------
-- Records of o2o_bis_foods
-- ----------------------------
INSERT INTO `o2o_bis_foods` VALUES ('1', '测试团购商品', '2', '2,19,22,3', '1', '6,3', '/upload/20170819/2e2f0e9001297ea12e7b1f066300db99.jpg', '<p>ss</p>', '1486509000', '1512854979', '67.90', '23.40', '1', '1', '234', '0', '1486509000', '0', '1486337009', '1486337009', '115.914262827', '28.6892302338', '1', '3', '0.00', '测试测试');
INSERT INTO `o2o_bis_foods` VALUES ('2', '哇哈哈', '2', '22,3', '2', '2,4', '/upload/20170206/timg.jpg', '<p>的身高多少</p><p>试试</p>', '1503854979', '0', '89.30', '23.80', '4', '6', '234', '0', '1486377120', '0', '1486377155', '1486377155', '115.914262827', '28.6892302338', '1', '3', '0.00', '看看，不亏');
INSERT INTO `o2o_bis_foods` VALUES ('3', '美巢', '4', '23,24,25', '3', '6,2', '/upload/20170219/a0bd8e0cc55ebd01e3b20ddf8d0e2880.jpg', '<p style=\"margin-top: 0px; margin-bottom: 0px; padding: 0px; border: 0px; outline: 0px; font-family: &#39;Hiragino Sans GB&#39;, arial, Verdana, tahoma, 宋体, sans-serif; font-size: 14px; vertical-align: baseline; color: rgb(102, 102, 102); line-height: 25px; white-space: normal;\"><span style=\"font-weight: 700;\">适用门店：</span><br/><span style=\"padding: 0px; margin: 0px; border: 0px; outline: 0px; font-weight: inherit; font-style: inherit; font-family: inherit; vertical-align: baseline;\"><span style=\"font-weight: 700;\">南昌美巢公寓酒店</span></span><br/><span style=\"padding: 0px; margin: 0px; border: 0px; outline: 0px; font-weight: inherit; font-style: inherit; font-family: inherit; vertical-align: baseline;\">预约电话: --18107000109</span><br/><span style=\"padding: 0px; margin: 0px; border: 0px; outline: 0px; font-weight: inherit; font-style: inherit; font-family: inherit; vertical-align: baseline;\">地址:近郊红谷滩新区万达广场A1座1405</span><br/></p><p style=\"margin-top: 0px; margin-bottom: 0px; padding: 0px; border: 0px; outline: 0px; font-family: &#39;Hiragino Sans GB&#39;, arial, Verdana, tahoma, 宋体, sans-serif; font-size: 14px; vertical-align: baseline; color: rgb(102, 102, 102); line-height: 25px; white-space: normal;\"><span style=\"font-weight: 700;\">房型信息：</span><br/><span style=\"padding: 0px; margin: 0px; border: 0px; outline: 0px; font-weight: inherit; font-style: inherit; font-family: inherit; vertical-align: baseline;\"><span style=\"font-weight: 700;\">酒店式公寓房</span></span><br/><span style=\"padding: 0px; margin: 0px; border: 0px; outline: 0px; font-weight: inherit; font-style: inherit; font-family: inherit; vertical-align: baseline;\">– 1 张床&nbsp;<br/><span style=\"padding: 0px; margin: 0px; border: 0px; outline: 0px; font-weight: inherit; font-style: inherit; font-family: inherit; vertical-align: baseline;\">–方床(长：2 宽：1.8)</span>&nbsp;</span><br/></p><p style=\"margin-top: 0px; margin-bottom: 0px; padding: 0px; border: 0px; outline: 0px; font-family: &#39;Hiragino Sans GB&#39;, arial, Verdana, tahoma, 宋体, sans-serif; font-size: 14px; vertical-align: baseline; color: rgb(102, 102, 102); line-height: 25px; white-space: normal;\"><span style=\"font-weight: 700;\">入住提示:</span><br/><span style=\"padding: 0px; margin: 0px; border: 0px; outline: 0px; font-weight: inherit; font-style: inherit; font-family: inherit; vertical-align: baseline;\">• 当日06:00点前入住，需当日12:00点前退房</span><br/><span style=\"padding: 0px; margin: 0px; border: 0px; outline: 0px; font-weight: inherit; font-style: inherit; font-family: inherit; vertical-align: baseline;\">• 当日06:00点后入住，需次日12:00点前退房</span><br/><span style=\"padding: 0px; margin: 0px; border: 0px; outline: 0px; font-weight: inherit; font-style: inherit; font-family: inherit; vertical-align: baseline;\">• 详情咨询酒店</span><br/></p><p style=\"margin-top: 0px; margin-bottom: 0px; padding: 0px; border: 0px; outline: 0px; font-family: &#39;Hiragino Sans GB&#39;, arial, Verdana, tahoma, 宋体, sans-serif; font-size: 14px; vertical-align: baseline; color: rgb(102, 102, 102); line-height: 25px; white-space: normal;\"><span style=\"font-weight: 700;\">购买须知:</span><br/><span style=\"padding: 0px; margin: 0px; border: 0px; outline: 0px; font-weight: inherit; font-style: inherit; font-family: inherit; vertical-align: baseline;\">• 凭团购券可享受指定房型1晚住宿。</span><br/><span style=\"padding: 0px; margin: 0px; border: 0px; outline: 0px; font-weight: inherit; font-style: inherit; font-family: inherit; vertical-align: baseline; color: red;\">• 需提前至少1 天 致电商家预约。&nbsp;</span><br/><span style=\"padding: 0px; margin: 0px; border: 0px; outline: 0px; font-weight: inherit; font-style: inherit; font-family: inherit; vertical-align: baseline;\">• 需携带有效证件（除驾驶证）办理入住。</span><br/><span style=\"padding: 0px; margin: 0px; border: 0px; outline: 0px; font-weight: inherit; font-style: inherit; font-family: inherit; vertical-align: baseline;\">• 入住需缴纳100元押金。</span><br/><span style=\"padding: 0px; margin: 0px; border: 0px; outline: 0px; font-weight: inherit; font-style: inherit; font-family: inherit; vertical-align: baseline;\">• 损坏房间内的物品，需照价赔偿。</span><br/><span style=\"padding: 0px; margin: 0px; border: 0px; outline: 0px; font-weight: inherit; font-style: inherit; font-family: inherit; vertical-align: baseline;\">• 不能同时享受酒店其他优惠。</span><br/><span style=\"padding: 0px; margin: 0px; border: 0px; outline: 0px; font-weight: inherit; font-style: inherit; font-family: inherit; vertical-align: baseline;\">• 请不要携带宠物入住 。</span><br/><span style=\"padding: 0px; margin: 0px; border: 0px; outline: 0px; font-weight: inherit; font-style: inherit; font-family: inherit; vertical-align: baseline;\">• 加价信息：</span><br/><span style=\"padding: 0px; margin: 0px; border: 0px; outline: 0px; font-weight: inherit; font-style: inherit; font-family: inherit; vertical-align: baseline; color: red;\">–加价信息请咨询商家。</span><br/><span style=\"padding: 0px; margin: 0px; border: 0px; outline: 0px; font-weight: inherit; font-style: inherit; font-family: inherit; vertical-align: baseline;\">• 团购预留房酒店式公寓房为1间。;</span><br/></p><p style=\"margin-top: 0px; margin-bottom: 0px; padding: 0px; border: 0px; outline: 0px; font-family: &#39;Hiragino Sans GB&#39;, arial, Verdana, tahoma, 宋体, sans-serif; font-size: 14px; vertical-align: baseline; color: rgb(102, 102, 102); line-height: 25px; white-space: normal;\"><span style=\"padding: 0px; margin: 0px; border: 0px; outline: 0px; font-weight: inherit; font-style: inherit; font-family: inherit; vertical-align: baseline;\">如需发票，请咨询商家。</span></p><p><br style=\"color: rgb(102, 102, 102); font-family: &#39;Hiragino Sans GB&#39;, arial, Verdana, tahoma, 宋体, sans-serif; font-size: 14px; line-height: 25px; white-space: normal;\"/><span style=\"color: rgb(102, 102, 102); font-family: &#39;Hiragino Sans GB&#39;, arial, Verdana, tahoma, 宋体, sans-serif; font-size: 14px; line-height: 25px;\">此产品由去哪儿网提供。</span></p><p><br/></p>', '1487746200', '1513856979', '128.00', '68.00', '10', '10', '10000', '0', '1488005460', '0', '1487487204', '1488416282', '115.914262827', '28.6892302338', '1', '3', '0.00', '好玩，好玩');
INSERT INTO `o2o_bis_foods` VALUES ('4', '牛太郎自助烧烤(奥体天虹店)', '1', '8\r\n,9\r\n,10\r\n,11\r\n,12\r\n,13\r\n,14\r\n,26\r\n,27\r\n,28\r\n,29\r\n,34', '4', '3,5', '/upload/20170219/d1.jpg', '<p>快快来消费哦。很好的价格</p>', '1487662260', '1489131180', '100.00', '50.00', '14', '3', '10000', '0', '1488007920', '0', '1487489578', '1487489578', '115.842138613', '28.7652149761', '1', '4', '0.00', '本券周六日不能使用，请注意');
INSERT INTO `o2o_bis_foods` VALUES ('5', '牛太郎自助烧烤(奥体天虹店)-2人无限狂吃券', '1', '27\r\n,28\r\n,29\r\n,34', '5', '2,7', '/upload/20170219/d1.jpg', '<p>本券100份，先买先得，原价300无限制2个狂吃，本店所有商品全部都能随便选择吃，不能带走，吃饱为止。快快来哦</p>', '1489131180', '1503324979', '300.00', '150.00', '15', '15', '100', '0', '1489131240', '0', '1487489743', '1487489743', '115.842138613', '28.7652149761', '1', '4', '0.00', '本券只限工作日的中午使用');
INSERT INTO `o2o_bis_foods` VALUES ('6', '江户前-仅售198元，价值258元单人自助餐！', '4', '24,25', '6', '1,6', '/upload/20170219/3fbf62aa64e2c197be655c010adfe0f3.jpg', '<ul class=\"ext-info list-paddingleft-2\" style=\"list-style-type: square;\"><li><p>儿童按成人收费，可用餐2小时。</p></li><li><p>本店特色：</p></li><li><p>-刺身：鸟贝刺身，乌贼刺身，章鱼刺身，生吃三拼，生吃贝类三种，三文鱼刺身、红金枪鱼刺身，白金枪鱼刺身，牙片鱼刺身。</p></li><li><p>-醋物：醋拌什锦海鲜，醋拌裙带菜，醋拌虾，醋拌赤贝，醋拌胺肝，醋拌鸟贝</p></li><li><p>-烤物：烤牛肉，蒜味烤脆排，亚细亚风烤羊排，烤海螺，培根卷，多春鱼，烤鸡排，烤鳗鱼，烤三文鱼头，烤鸡肉串，烤鸡翅，盐烤秋刀鱼，盐烤鱿鱼，盐烤鲐鱼，酱味大鲅鱼，酱烤鲽鱼，凤尾虾炸面包虾炸物：香炸鸡脆骨，香炸鱿鱼圈，香炸牡蛎，香酥面条鱼，什锦天妇罗，脆炸鱿鱼须，脆炸鸡肉块，蒜香炸鸡翅中，炸猪排，炸虾天妇罗，蔬菜天妇罗，凤尾酥炸面包虾，柠檬虾仁</p></li><li><p>-煮物：百合虾仁，酒蒸蚬子，辣炒牛蒡，嫩煮豆腐，日式蒸蛋，日式红烧肉，酱煮鲐鱼</p></li><li><p>-寿司：纳豆细卷，黄瓜细卷，炸虾手卷，三文鱼籽寿司，三文鱼寿司，金枪鱼细卷，什锦粗卷，章鱼寿司，虾寿司，乌贼寿司，飞鱼籽寿司，鳗鱼寿司，鸟贝寿司，鸡蛋寿司，竹寿司</p></li><li><p>-铁板烧：蔬菜什锦，铁板海蛎子，铁板五花肉，铁板香辣鱿鱼须，铁板香菇，铁板虾仁，铁板牛肉卷，蒜香牛香片，铁板牛肉，铁板羊排，银芽鸡脆骨，铁板培根荷兰豆，铁板培根炒菠菜，铁板特色豆腐，铁板煎鲍菇，铁板三文鱼，铁板木瓜桂花酱，铁板蓝莓香蕉，铁板虾，铁板鱿鱼，银芽虾仁爆螺片</p></li><li><p>-主食，汤类：海鲜乌冬面，滑子磨乌冬面，铁板乌冬面，散花寿司饭，海鲜粥，牛肉乌冬面，紫菜泡饭，三文鱼泡饭，梅肉茶泡饭，豆腐皮乌冬面，日式拉面，日式烤饭团，冷荞麦面，小咸菜，炸虾热荞麦面，酱汤，鳗鱼盖饭，蔬菜粥，辣白菜炒饭，牛筋炒饭，培根炒饭，蚬肉裙带菜汤。</p></li></ul><h3 class=\"w-section-header\" style=\"font-size: 20px; margin: 0px; padding: 30px 0px 15px; border-width: 0px 0px 1px; border-bottom-style: solid; border-bottom-color: rgb(197, 197, 197); outline: 0px; font-weight: normal; font-family: &#39;microsoft yahei&#39;; vertical-align: baseline; width: 725px; font-stretch: normal; line-height: normal;\">团单详情<br/></h3><p>日本料理自助:<br/></p><p class=\"wrap-img\" style=\"margin-top: 0px; margin-bottom: 0px; padding: 0px; border: 0px; outline: 0px; font-weight: inherit; font-style: inherit; font-family: inherit; font-size: 0px; vertical-align: baseline; line-height: 0;\"><img src=\"/ueditor/php/upload/image/20170219/1487503337338610.jpg\" title=\"图片\" style=\"border: 0px; padding: 0px; margin: 0px; outline: 0px; font-weight: inherit; font-style: inherit; font-family: inherit; vertical-align: baseline; float: none; display: block;\"/></p><p><br/></p><p class=\"wrap-img\" style=\"margin-top: 0px; margin-bottom: 0px; padding: 0px; border: 0px; outline: 0px; font-weight: inherit; font-style: inherit; font-family: inherit; font-size: 0px; vertical-align: baseline; line-height: 0;\"><img src=\"/ueditor/php/upload/image/20170219/1487503337702592.jpg\" title=\"图片\" style=\"border: 0px; padding: 0px; margin: 0px; outline: 0px; font-weight: inherit; font-style: inherit; font-family: inherit; vertical-align: baseline; float: none; display: block;\"/></p><p><br/></p>', '1487503260', '1487849040', '125.00', '23.00', '1', '8', '1000', '0', '1487676060', '0', '1487503396', '1487503396', '115.888777186', '28.6890034095', '1', '6', '0.00', '本店WiFi免费');
INSERT INTO `o2o_bis_foods` VALUES ('7', '仅售780元，价值1032元4人自助餐！', '5', '7\r\n,20\r\n,21\r\n,32\r\n,33', '7', '9,1,6,3', '/upload/20170219/0c419b2425c8935b4222354c0442f0dd.jpg', '<p><span style=\"color: rgb(88, 88, 88); font-family: &#39;Hiragino Sans GB&#39;, arial, Verdana, tahoma, 宋体, sans-serif; font-size: 14px; line-height: 25px;\">汤类：海鲜乌冬面，滑子磨乌冬面，铁板乌冬面，散花寿司饭，海鲜粥，牛肉乌冬面，紫菜泡饭，三文鱼泡饭，梅肉茶泡饭，豆腐皮乌冬面，日式拉面，日式烤饭团，冷荞麦面，小咸菜，炸虾热荞麦面，酱汤，鳗鱼盖饭，蔬菜粥，辣白菜炒饭，牛筋炒饭，培根炒饭，蚬肉裙带菜汤</span></p><p><span style=\"color: rgb(102, 102, 102); font-family: &#39;Hiragino Sans GB&#39;, arial, Verdana, tahoma, 宋体, sans-serif; font-size: 14px; line-height: 25px;\">单人日本料理自助:</span><br style=\"color: rgb(102, 102, 102); font-family: &#39;Hiragino Sans GB&#39;, arial, Verdana, tahoma, 宋体, sans-serif; font-size: 14px; line-height: 25px; white-space: normal;\"/></p><p class=\"wrap-img\" style=\"margin-top: 0px; margin-bottom: 0px; padding: 0px; border: 0px; outline: 0px; font-family: &#39;Hiragino Sans GB&#39;, arial, Verdana, tahoma, 宋体, sans-serif; font-size: 0px; vertical-align: baseline; line-height: 0; color: rgb(102, 102, 102); white-space: normal;\"><img src=\"https://gss0.baidu.com/-4o3dSag_xI4khGko9WTAnF6hhy/bainuo/crop%3D0%2C0%2C470%2C285%3Bw%3D470%3Bq%3D99%3Bc%3Dnuomi%2C95%2C95/sign=a746735aab51f3ded7fde324a9dedc2f/c9fcc3cec3fdfc03a8155828d03f8794a4c22634.jpg\" title=\"图片\" style=\"border: 0px; padding: 0px; margin: 0px; outline: 0px; font-weight: inherit; font-style: inherit; font-family: inherit; vertical-align: baseline; float: none; display: block;\"/></p><p><br style=\"color: rgb(102, 102, 102); font-family: &#39;Hiragino Sans GB&#39;, arial, Verdana, tahoma, 宋体, sans-serif; font-size: 14px; line-height: 25px; white-space: normal;\"/></p><p class=\"wrap-img\" style=\"margin-top: 0px; margin-bottom: 0px; padding: 0px; border: 0px; outline: 0px; font-family: &#39;Hiragino Sans GB&#39;, arial, Verdana, tahoma, 宋体, sans-serif; font-size: 0px; vertical-align: baseline; line-height: 0; color: rgb(102, 102, 102); white-space: normal;\"><img src=\"https://gss0.baidu.com/-4o3dSag_xI4khGko9WTAnF6hhy/bainuo/crop%3D0%2C0%2C470%2C705%3Bw%3D470%3Bq%3D99/sign=b9fd96ec550fd9f9b4580f29181df81a/aa18972bd40735fab4c8f7299a510fb30f240861.jpg\" title=\"图片\" style=\"border: 0px; padding: 0px; margin: 0px; outline: 0px; font-weight: inherit; font-style: inherit; font-family: inherit; vertical-align: baseline; float: none; display: block;\"/></p><p><br/></p>', '1487849040', '1487331060', '800.00', '200.00', '4', '13', '2000', '0', '1489231440', '0', '1487503535', '1487503535', '115.888777186', '28.6890034095', '1', '6', '0.00', '很好的东西哦');
INSERT INTO `o2o_bis_foods` VALUES ('8', '黄记煌三汁焖锅代金券', '6', '15,\r\n16\r\n,17\r\n,18\r\n,31', '8', '8,4', '/upload/20170219/f35c26b5069e96402d2f25a20f5e6faf.jpg', '<p><span style=\"color: rgb(102, 102, 102); font-family: &#39;Hiragino Sans GB&#39;, arial, Verdana, tahoma, 宋体, sans-serif; font-size: 14px; line-height: 25px;\">代金券:</span><br style=\"color: rgb(102, 102, 102); font-family: &#39;Hiragino Sans GB&#39;, arial, Verdana, tahoma, 宋体, sans-serif; font-size: 14px; line-height: 25px; white-space: normal;\"/></p><p class=\"wrap-img\" style=\"margin-top: 0px; margin-bottom: 0px; padding: 0px; border: 0px; outline: 0px; font-family: &#39;Hiragino Sans GB&#39;, arial, Verdana, tahoma, 宋体, sans-serif; font-size: 0px; vertical-align: baseline; line-height: 0; color: rgb(102, 102, 102); white-space: normal;\"><img src=\"https://gss0.baidu.com/-4o3dSag_xI4khGko9WTAnF6hhy/bainuo/w%3D470%3Bq%3D99/sign=14c0fee70ed162d985ee631b21e4d8d1/35a85edf8db1cb135f9c8c30d954564e92584b1f.jpg\" title=\"图片\" style=\"border: 0px; padding: 0px; margin: 0px; outline: 0px; font-weight: inherit; font-style: inherit; font-family: inherit; vertical-align: baseline; float: none; display: block;\"/></p><p><br style=\"color: rgb(102, 102, 102); font-family: &#39;Hiragino Sans GB&#39;, arial, Verdana, tahoma, 宋体, sans-serif; font-size: 14px; line-height: 25px; white-space: normal;\"/></p><p class=\"wrap-img\" style=\"margin-top: 0px; margin-bottom: 0px; padding: 0px; border: 0px; outline: 0px; font-family: &#39;Hiragino Sans GB&#39;, arial, Verdana, tahoma, 宋体, sans-serif; font-size: 0px; vertical-align: baseline; line-height: 0; color: rgb(102, 102, 102); white-space: normal;\"><img src=\"https://gss0.baidu.com/-4o3dSag_xI4khGko9WTAnF6hhy/bainuo/w%3D470%3Bq%3D99/sign=29ac1991d558ccbf1bbcb43d29e3cd03/1c950a7b02087bf490a3e7caf6d3572c11dfcf42.jpg\" title=\"图片\" style=\"border: 0px; padding: 0px; margin: 0px; outline: 0px; font-weight: inherit; font-style: inherit; font-family: inherit; vertical-align: baseline; float: none; display: block;\"/></p><p><br/></p>', '1487331060', '0', '349.00', '120.00', '10', '10', '10000', '0', '1489231860', '0', '1487503950', '1487503950', '115.905503455', '28.6652145737', '1', '7', '0.00', '商家提供餐后打包服务，需另付 1元/个打包盒');
INSERT INTO `o2o_bis_foods` VALUES ('9', '仅售75元，价值100元代金券！', '4', ',25', '9', '6,3', '/upload/20170219/3e35576eb4c321bf517f8d8ac2c95acf.jpg', '<p><span style=\"color: rgb(102, 102, 102); font-family: &#39;Hiragino Sans GB&#39;, arial, Verdana, tahoma, 宋体, sans-serif; font-size: 14px; line-height: 25px;\">代金券:</span><br style=\"color: rgb(102, 102, 102); font-family: &#39;Hiragino Sans GB&#39;, arial, Verdana, tahoma, 宋体, sans-serif; font-size: 14px; line-height: 25px; white-space: normal;\"/></p><p class=\"wrap-img\" style=\"margin-top: 0px; margin-bottom: 0px; padding: 0px; border: 0px; outline: 0px; font-family: &#39;Hiragino Sans GB&#39;, arial, Verdana, tahoma, 宋体, sans-serif; font-size: 0px; vertical-align: baseline; line-height: 0; color: rgb(102, 102, 102); white-space: normal;\"><img src=\"https://gss0.baidu.com/-4o3dSag_xI4khGko9WTAnF6hhy/bainuo/w%3D470%3Bq%3D99%3Bc%3Dnuomi%2C95%2C95/sign=cf9d1792adec8a13141a56e7c738e0b2/ca1349540923dd54ceff9415d509b3de9c82483a.jpg\" title=\"图片\" style=\"border: 0px; padding: 0px; margin: 0px; outline: 0px; font-weight: inherit; font-style: inherit; font-family: inherit; vertical-align: baseline; float: none;\"/></p><p><br/></p>', '1491651180', '1603854979', '100.00', '75.00', '14', '9', '1000', '0', '1493465580', '0', '1487504051', '1487504051', '115.905503455', '28.6652145737', '1', '7', '0.00', '无需预约，直接消费（高峰期间消费需排号等位）');
INSERT INTO `o2o_bis_foods` VALUES ('10', '食在自助火锅百汇(铜锣湾店)', '1', '29\r\n,34', '9', '1,5', '/upload/20170219/8af01775f874b7ebf3583eb2fdf3e9ed.jpg', '<p>很好吃哦</p>', '1488284820', '1505754979', '100.00', '24.00', '15', '15', '10000', '0', '1488976080', '0', '1487507340', '1487507340', '115.826266426', '29.0155615737', '1', '8', '0.00', '星期六不能使用');
INSERT INTO `o2o_bis_foods` VALUES ('11', '测试团购商品', '1', '8\r\n,9\r\n,10', '1', '8,3', '/upload/20170206/ca530a984bd4960fe6fa5633b4ca549e.png', '<p>ss</p>', '1486509000', '1543854979', '67.90', '23.40', '1', '1', '234', '0', '1486509000', '0', '1486337009', '1486337009', '115.914262827', '28.6892302338', '1', '3', '0.00', '测试测试');
INSERT INTO `o2o_bis_foods` VALUES ('12', '哇哈哈', '2', '2,19', '2', '6,7', '/upload/20170206/6fa45c011e17b3d3ca8a49855783a8d8.png', '<p>的身高多少</p><p>试试</p>', '1486377120', '0', '89.30', '23.80', '4', '6', '234', '0', '1486377120', '0', '1486377155', '1486377155', '115.914262827', '28.6892302338', '1', '3', '0.00', '看看，不亏');
INSERT INTO `o2o_bis_foods` VALUES ('13', '美巢公寓酒店', '2', '2,3', '3', '6,3', '/upload/20170219/a0bd8e0cc55ebd01e3b20ddf8d0e2880.jpg', '<p style=\"margin-top: 0px; margin-bottom: 0px; padding: 0px; border: 0px; outline: 0px; font-family: &#39;Hiragino Sans GB&#39;, arial, Verdana, tahoma, 宋体, sans-serif; font-size: 14px; vertical-align: baseline; color: rgb(102, 102, 102); line-height: 25px; white-space: normal;\"><span style=\"font-weight: 700;\">适用门店：</span><br/><span style=\"padding: 0px; margin: 0px; border: 0px; outline: 0px; font-weight: inherit; font-style: inherit; font-family: inherit; vertical-align: baseline;\"><span style=\"font-weight: 700;\">南昌美巢公寓酒店</span></span><br/><span style=\"padding: 0px; margin: 0px; border: 0px; outline: 0px; font-weight: inherit; font-style: inherit; font-family: inherit; vertical-align: baseline;\">预约电话: --18107000109</span><br/><span style=\"padding: 0px; margin: 0px; border: 0px; outline: 0px; font-weight: inherit; font-style: inherit; font-family: inherit; vertical-align: baseline;\">地址:近郊红谷滩新区万达广场A1座1405</span><br/></p><p style=\"margin-top: 0px; margin-bottom: 0px; padding: 0px; border: 0px; outline: 0px; font-family: &#39;Hiragino Sans GB&#39;, arial, Verdana, tahoma, 宋体, sans-serif; font-size: 14px; vertical-align: baseline; color: rgb(102, 102, 102); line-height: 25px; white-space: normal;\"><span style=\"font-weight: 700;\">房型信息：</span><br/><span style=\"padding: 0px; margin: 0px; border: 0px; outline: 0px; font-weight: inherit; font-style: inherit; font-family: inherit; vertical-align: baseline;\"><span style=\"font-weight: 700;\">酒店式公寓房</span></span><br/><span style=\"padding: 0px; margin: 0px; border: 0px; outline: 0px; font-weight: inherit; font-style: inherit; font-family: inherit; vertical-align: baseline;\">– 1 张床&nbsp;<br/><span style=\"padding: 0px; margin: 0px; border: 0px; outline: 0px; font-weight: inherit; font-style: inherit; font-family: inherit; vertical-align: baseline;\">–方床(长：2 宽：1.8)</span>&nbsp;</span><br/></p><p style=\"margin-top: 0px; margin-bottom: 0px; padding: 0px; border: 0px; outline: 0px; font-family: &#39;Hiragino Sans GB&#39;, arial, Verdana, tahoma, 宋体, sans-serif; font-size: 14px; vertical-align: baseline; color: rgb(102, 102, 102); line-height: 25px; white-space: normal;\"><span style=\"font-weight: 700;\">入住提示:</span><br/><span style=\"padding: 0px; margin: 0px; border: 0px; outline: 0px; font-weight: inherit; font-style: inherit; font-family: inherit; vertical-align: baseline;\">• 当日06:00点前入住，需当日12:00点前退房</span><br/><span style=\"padding: 0px; margin: 0px; border: 0px; outline: 0px; font-weight: inherit; font-style: inherit; font-family: inherit; vertical-align: baseline;\">• 当日06:00点后入住，需次日12:00点前退房</span><br/><span style=\"padding: 0px; margin: 0px; border: 0px; outline: 0px; font-weight: inherit; font-style: inherit; font-family: inherit; vertical-align: baseline;\">• 详情咨询酒店</span><br/></p><p style=\"margin-top: 0px; margin-bottom: 0px; padding: 0px; border: 0px; outline: 0px; font-family: &#39;Hiragino Sans GB&#39;, arial, Verdana, tahoma, 宋体, sans-serif; font-size: 14px; vertical-align: baseline; color: rgb(102, 102, 102); line-height: 25px; white-space: normal;\"><span style=\"font-weight: 700;\">购买须知:</span><br/><span style=\"padding: 0px; margin: 0px; border: 0px; outline: 0px; font-weight: inherit; font-style: inherit; font-family: inherit; vertical-align: baseline;\">• 凭团购券可享受指定房型1晚住宿。</span><br/><span style=\"padding: 0px; margin: 0px; border: 0px; outline: 0px; font-weight: inherit; font-style: inherit; font-family: inherit; vertical-align: baseline; color: red;\">• 需提前至少1 天 致电商家预约。&nbsp;</span><br/><span style=\"padding: 0px; margin: 0px; border: 0px; outline: 0px; font-weight: inherit; font-style: inherit; font-family: inherit; vertical-align: baseline;\">• 需携带有效证件（除驾驶证）办理入住。</span><br/><span style=\"padding: 0px; margin: 0px; border: 0px; outline: 0px; font-weight: inherit; font-style: inherit; font-family: inherit; vertical-align: baseline;\">• 入住需缴纳100元押金。</span><br/><span style=\"padding: 0px; margin: 0px; border: 0px; outline: 0px; font-weight: inherit; font-style: inherit; font-family: inherit; vertical-align: baseline;\">• 损坏房间内的物品，需照价赔偿。</span><br/><span style=\"padding: 0px; margin: 0px; border: 0px; outline: 0px; font-weight: inherit; font-style: inherit; font-family: inherit; vertical-align: baseline;\">• 不能同时享受酒店其他优惠。</span><br/><span style=\"padding: 0px; margin: 0px; border: 0px; outline: 0px; font-weight: inherit; font-style: inherit; font-family: inherit; vertical-align: baseline;\">• 请不要携带宠物入住 。</span><br/><span style=\"padding: 0px; margin: 0px; border: 0px; outline: 0px; font-weight: inherit; font-style: inherit; font-family: inherit; vertical-align: baseline;\">• 加价信息：</span><br/><span style=\"padding: 0px; margin: 0px; border: 0px; outline: 0px; font-weight: inherit; font-style: inherit; font-family: inherit; vertical-align: baseline; color: red;\">–加价信息请咨询商家。</span><br/><span style=\"padding: 0px; margin: 0px; border: 0px; outline: 0px; font-weight: inherit; font-style: inherit; font-family: inherit; vertical-align: baseline;\">• 团购预留房酒店式公寓房为1间。;</span><br/></p><p style=\"margin-top: 0px; margin-bottom: 0px; padding: 0px; border: 0px; outline: 0px; font-family: &#39;Hiragino Sans GB&#39;, arial, Verdana, tahoma, 宋体, sans-serif; font-size: 14px; vertical-align: baseline; color: rgb(102, 102, 102); line-height: 25px; white-space: normal;\"><span style=\"padding: 0px; margin: 0px; border: 0px; outline: 0px; font-weight: inherit; font-style: inherit; font-family: inherit; vertical-align: baseline;\">如需发票，请咨询商家。</span></p><p><br style=\"color: rgb(102, 102, 102); font-family: &#39;Hiragino Sans GB&#39;, arial, Verdana, tahoma, 宋体, sans-serif; font-size: 14px; line-height: 25px; white-space: normal;\"/><span style=\"color: rgb(102, 102, 102); font-family: &#39;Hiragino Sans GB&#39;, arial, Verdana, tahoma, 宋体, sans-serif; font-size: 14px; line-height: 25px;\">此产品由去哪儿网提供。</span></p><p><br/></p>', '1487746200', '1503354979', '128.00', '68.00', '10', '10', '10000', '0', '1488005460', '0', '1487487204', '1488416282', '115.914262827', '28.6892302338', '1', '3', '0.00', '好玩，好玩');
INSERT INTO `o2o_bis_foods` VALUES ('14', '牛太郎自助烧烤(奥体天虹店)', '4', '25', '4', '7', '/upload/20170219/d1.jpg', '<p>快快来消费哦。很好的价格</p>', '1487662260', '1506854979', '100.00', '50.00', '14', '3', '10000', '0', '1488007920', '0', '1487489578', '1487489578', '115.842138613', '28.7652149761', '1', '4', '0.00', '本券周六日不能使用，请注意');
INSERT INTO `o2o_bis_foods` VALUES ('15', '牛太郎自助烧烤(奥体天虹店)-2人无限狂吃券', '1', '8\r\n,9\r\n,10', '5', '8,4,9', '/upload/20170219/d1.jpg', '<p>本券100份，先买先得，原价300无限制2个狂吃，本店所有商品全部都能随便选择吃，不能带走，吃饱为止。快快来哦</p>', '1489131180', '1503854979', '300.00', '150.00', '15', '15', '100', '0', '1489131240', '0', '1487489743', '1487489743', '115.842138613', '28.7652149761', '1', '4', '0.00', '本券只限工作日的中午使用');
INSERT INTO `o2o_bis_foods` VALUES ('16', '江户前-仅售198元，价值258元单人自助餐！', '4', '23,24', '6', '9,2,5', '/upload/20170219/3fbf62aa64e2c197be655c010adfe0f3.jpg', '<ul class=\"ext-info list-paddingleft-2\" style=\"list-style-type: square;\"><li><p>儿童按成人收费，可用餐2小时。</p></li><li><p>本店特色：</p></li><li><p>-刺身：鸟贝刺身，乌贼刺身，章鱼刺身，生吃三拼，生吃贝类三种，三文鱼刺身、红金枪鱼刺身，白金枪鱼刺身，牙片鱼刺身。</p></li><li><p>-醋物：醋拌什锦海鲜，醋拌裙带菜，醋拌虾，醋拌赤贝，醋拌胺肝，醋拌鸟贝</p></li><li><p>-烤物：烤牛肉，蒜味烤脆排，亚细亚风烤羊排，烤海螺，培根卷，多春鱼，烤鸡排，烤鳗鱼，烤三文鱼头，烤鸡肉串，烤鸡翅，盐烤秋刀鱼，盐烤鱿鱼，盐烤鲐鱼，酱味大鲅鱼，酱烤鲽鱼，凤尾虾炸面包虾炸物：香炸鸡脆骨，香炸鱿鱼圈，香炸牡蛎，香酥面条鱼，什锦天妇罗，脆炸鱿鱼须，脆炸鸡肉块，蒜香炸鸡翅中，炸猪排，炸虾天妇罗，蔬菜天妇罗，凤尾酥炸面包虾，柠檬虾仁</p></li><li><p>-煮物：百合虾仁，酒蒸蚬子，辣炒牛蒡，嫩煮豆腐，日式蒸蛋，日式红烧肉，酱煮鲐鱼</p></li><li><p>-寿司：纳豆细卷，黄瓜细卷，炸虾手卷，三文鱼籽寿司，三文鱼寿司，金枪鱼细卷，什锦粗卷，章鱼寿司，虾寿司，乌贼寿司，飞鱼籽寿司，鳗鱼寿司，鸟贝寿司，鸡蛋寿司，竹寿司</p></li><li><p>-铁板烧：蔬菜什锦，铁板海蛎子，铁板五花肉，铁板香辣鱿鱼须，铁板香菇，铁板虾仁，铁板牛肉卷，蒜香牛香片，铁板牛肉，铁板羊排，银芽鸡脆骨，铁板培根荷兰豆，铁板培根炒菠菜，铁板特色豆腐，铁板煎鲍菇，铁板三文鱼，铁板木瓜桂花酱，铁板蓝莓香蕉，铁板虾，铁板鱿鱼，银芽虾仁爆螺片</p></li><li><p>-主食，汤类：海鲜乌冬面，滑子磨乌冬面，铁板乌冬面，散花寿司饭，海鲜粥，牛肉乌冬面，紫菜泡饭，三文鱼泡饭，梅肉茶泡饭，豆腐皮乌冬面，日式拉面，日式烤饭团，冷荞麦面，小咸菜，炸虾热荞麦面，酱汤，鳗鱼盖饭，蔬菜粥，辣白菜炒饭，牛筋炒饭，培根炒饭，蚬肉裙带菜汤。</p></li></ul><h3 class=\"w-section-header\" style=\"font-size: 20px; margin: 0px; padding: 30px 0px 15px; border-width: 0px 0px 1px; border-bottom-style: solid; border-bottom-color: rgb(197, 197, 197); outline: 0px; font-weight: normal; font-family: &#39;microsoft yahei&#39;; vertical-align: baseline; width: 725px; font-stretch: normal; line-height: normal;\">团单详情<br/></h3><p>日本料理自助:<br/></p><p class=\"wrap-img\" style=\"margin-top: 0px; margin-bottom: 0px; padding: 0px; border: 0px; outline: 0px; font-weight: inherit; font-style: inherit; font-family: inherit; font-size: 0px; vertical-align: baseline; line-height: 0;\"><img src=\"/ueditor/php/upload/image/20170219/1487503337338610.jpg\" title=\"图片\" style=\"border: 0px; padding: 0px; margin: 0px; outline: 0px; font-weight: inherit; font-style: inherit; font-family: inherit; vertical-align: baseline; float: none; display: block;\"/></p><p><br/></p><p class=\"wrap-img\" style=\"margin-top: 0px; margin-bottom: 0px; padding: 0px; border: 0px; outline: 0px; font-weight: inherit; font-style: inherit; font-family: inherit; font-size: 0px; vertical-align: baseline; line-height: 0;\"><img src=\"/ueditor/php/upload/image/20170219/1487503337702592.jpg\" title=\"图片\" style=\"border: 0px; padding: 0px; margin: 0px; outline: 0px; font-weight: inherit; font-style: inherit; font-family: inherit; vertical-align: baseline; float: none; display: block;\"/></p><p><br/></p>', '1487503260', '0', '125.00', '23.00', '1', '8', '1000', '0', '1487676060', '0', '1487503396', '1487503396', '115.888777186', '28.6890034095', '1', '6', '0.00', '本店WiFi免费');
INSERT INTO `o2o_bis_foods` VALUES ('17', '仅售780元，价值1032元4人自助餐！', '5', '7\r\n,20', '7', '9', '/upload/20170219/0c419b2425c8935b4222354c0442f0dd.jpg', '<p><span style=\"color: rgb(88, 88, 88); font-family: &#39;Hiragino Sans GB&#39;, arial, Verdana, tahoma, 宋体, sans-serif; font-size: 14px; line-height: 25px;\">汤类：海鲜乌冬面，滑子磨乌冬面，铁板乌冬面，散花寿司饭，海鲜粥，牛肉乌冬面，紫菜泡饭，三文鱼泡饭，梅肉茶泡饭，豆腐皮乌冬面，日式拉面，日式烤饭团，冷荞麦面，小咸菜，炸虾热荞麦面，酱汤，鳗鱼盖饭，蔬菜粥，辣白菜炒饭，牛筋炒饭，培根炒饭，蚬肉裙带菜汤</span></p><p><span style=\"color: rgb(102, 102, 102); font-family: &#39;Hiragino Sans GB&#39;, arial, Verdana, tahoma, 宋体, sans-serif; font-size: 14px; line-height: 25px;\">单人日本料理自助:</span><br style=\"color: rgb(102, 102, 102); font-family: &#39;Hiragino Sans GB&#39;, arial, Verdana, tahoma, 宋体, sans-serif; font-size: 14px; line-height: 25px; white-space: normal;\"/></p><p class=\"wrap-img\" style=\"margin-top: 0px; margin-bottom: 0px; padding: 0px; border: 0px; outline: 0px; font-family: &#39;Hiragino Sans GB&#39;, arial, Verdana, tahoma, 宋体, sans-serif; font-size: 0px; vertical-align: baseline; line-height: 0; color: rgb(102, 102, 102); white-space: normal;\"><img src=\"https://gss0.baidu.com/-4o3dSag_xI4khGko9WTAnF6hhy/bainuo/crop%3D0%2C0%2C470%2C285%3Bw%3D470%3Bq%3D99%3Bc%3Dnuomi%2C95%2C95/sign=a746735aab51f3ded7fde324a9dedc2f/c9fcc3cec3fdfc03a8155828d03f8794a4c22634.jpg\" title=\"图片\" style=\"border: 0px; padding: 0px; margin: 0px; outline: 0px; font-weight: inherit; font-style: inherit; font-family: inherit; vertical-align: baseline; float: none; display: block;\"/></p><p><br style=\"color: rgb(102, 102, 102); font-family: &#39;Hiragino Sans GB&#39;, arial, Verdana, tahoma, 宋体, sans-serif; font-size: 14px; line-height: 25px; white-space: normal;\"/></p><p class=\"wrap-img\" style=\"margin-top: 0px; margin-bottom: 0px; padding: 0px; border: 0px; outline: 0px; font-family: &#39;Hiragino Sans GB&#39;, arial, Verdana, tahoma, 宋体, sans-serif; font-size: 0px; vertical-align: baseline; line-height: 0; color: rgb(102, 102, 102); white-space: normal;\"><img src=\"https://gss0.baidu.com/-4o3dSag_xI4khGko9WTAnF6hhy/bainuo/crop%3D0%2C0%2C470%2C705%3Bw%3D470%3Bq%3D99/sign=b9fd96ec550fd9f9b4580f29181df81a/aa18972bd40735fab4c8f7299a510fb30f240861.jpg\" title=\"图片\" style=\"border: 0px; padding: 0px; margin: 0px; outline: 0px; font-weight: inherit; font-style: inherit; font-family: inherit; vertical-align: baseline; float: none; display: block;\"/></p><p><br/></p>', '1487849040', '1503854979', '800.00', '200.00', '4', '13', '2000', '0', '1489231440', '0', '1487503535', '1487503535', '115.888777186', '28.6890034095', '1', '6', '0.00', '很好的东西哦');
INSERT INTO `o2o_bis_foods` VALUES ('18', '黄记煌三汁焖锅代金券', '2', '19,22', '8', '1,7', '/upload/20170219/f35c26b5069e96402d2f25a20f5e6faf.jpg', '<p><span style=\"color: rgb(102, 102, 102); font-family: &#39;Hiragino Sans GB&#39;, arial, Verdana, tahoma, 宋体, sans-serif; font-size: 14px; line-height: 25px;\">代金券:</span><br style=\"color: rgb(102, 102, 102); font-family: &#39;Hiragino Sans GB&#39;, arial, Verdana, tahoma, 宋体, sans-serif; font-size: 14px; line-height: 25px; white-space: normal;\"/></p><p class=\"wrap-img\" style=\"margin-top: 0px; margin-bottom: 0px; padding: 0px; border: 0px; outline: 0px; font-family: &#39;Hiragino Sans GB&#39;, arial, Verdana, tahoma, 宋体, sans-serif; font-size: 0px; vertical-align: baseline; line-height: 0; color: rgb(102, 102, 102); white-space: normal;\"><img src=\"https://gss0.baidu.com/-4o3dSag_xI4khGko9WTAnF6hhy/bainuo/w%3D470%3Bq%3D99/sign=14c0fee70ed162d985ee631b21e4d8d1/35a85edf8db1cb135f9c8c30d954564e92584b1f.jpg\" title=\"图片\" style=\"border: 0px; padding: 0px; margin: 0px; outline: 0px; font-weight: inherit; font-style: inherit; font-family: inherit; vertical-align: baseline; float: none; display: block;\"/></p><p><br style=\"color: rgb(102, 102, 102); font-family: &#39;Hiragino Sans GB&#39;, arial, Verdana, tahoma, 宋体, sans-serif; font-size: 14px; line-height: 25px; white-space: normal;\"/></p><p class=\"wrap-img\" style=\"margin-top: 0px; margin-bottom: 0px; padding: 0px; border: 0px; outline: 0px; font-family: &#39;Hiragino Sans GB&#39;, arial, Verdana, tahoma, 宋体, sans-serif; font-size: 0px; vertical-align: baseline; line-height: 0; color: rgb(102, 102, 102); white-space: normal;\"><img src=\"https://gss0.baidu.com/-4o3dSag_xI4khGko9WTAnF6hhy/bainuo/w%3D470%3Bq%3D99/sign=29ac1991d558ccbf1bbcb43d29e3cd03/1c950a7b02087bf490a3e7caf6d3572c11dfcf42.jpg\" title=\"图片\" style=\"border: 0px; padding: 0px; margin: 0px; outline: 0px; font-weight: inherit; font-style: inherit; font-family: inherit; vertical-align: baseline; float: none; display: block;\"/></p><p><br/></p>', '1487331060', '1503154979', '349.00', '120.00', '10', '10', '10000', '0', '1489231860', '0', '1487503950', '1487503950', '115.905503455', '28.6652145737', '1', '7', '0.00', '商家提供餐后打包服务，需另付 1元/个打包盒');
INSERT INTO `o2o_bis_foods` VALUES ('19', '加多宝', '4', '23', '9', '2,9,6', '/upload/20170219/3e35576eb4c321bf517f8d8ac2c95acf.jpg', '<p><span style=\"color: rgb(102, 102, 102); font-family: &#39;Hiragino Sans GB&#39;, arial, Verdana, tahoma, 宋体, sans-serif; font-size: 14px; line-height: 25px;\">代金券:</span><br style=\"color: rgb(102, 102, 102); font-family: &#39;Hiragino Sans GB&#39;, arial, Verdana, tahoma, 宋体, sans-serif; font-size: 14px; line-height: 25px; white-space: normal;\"/></p><p class=\"wrap-img\" style=\"margin-top: 0px; margin-bottom: 0px; padding: 0px; border: 0px; outline: 0px; font-family: &#39;Hiragino Sans GB&#39;, arial, Verdana, tahoma, 宋体, sans-serif; font-size: 0px; vertical-align: baseline; line-height: 0; color: rgb(102, 102, 102); white-space: normal;\"><img src=\"https://gss0.baidu.com/-4o3dSag_xI4khGko9WTAnF6hhy/bainuo/w%3D470%3Bq%3D99%3Bc%3Dnuomi%2C95%2C95/sign=cf9d1792adec8a13141a56e7c738e0b2/ca1349540923dd54ceff9415d509b3de9c82483a.jpg\" title=\"图片\" style=\"border: 0px; padding: 0px; margin: 0px; outline: 0px; font-weight: inherit; font-style: inherit; font-family: inherit; vertical-align: baseline; float: none;\"/></p><p><br/></p>', '1491651180', '1503854979', '100.00', '72.00', '14', '9', '1000', '0', '1493465580', '0', '1487504051', '1487504051', '115.905503455', '28.6652145737', '1', '7', '0.00', '无需预约，直接消费（高峰期间消费需排号等位）');
INSERT INTO `o2o_bis_foods` VALUES ('20', '食在自助火锅百汇(铜锣湾店)', '1', '27\r\n,28\r\n,29', '9', '2,6', '/upload/20170219/8af01775f874b7ebf3583eb2fdf3e9ed.jpg', '<p>很好吃哦</p>', '1488284820', '1503354979', '100.00', '24.00', '15', '15', '10000', '0', '1488976080', '0', '1487507340', '1487507340', '115.826266426', '29.0155615737', '1', '8', '0.00', '星期六不能使用');
INSERT INTO `o2o_bis_foods` VALUES ('21', '测试商品', '2', '22,3', '1', '6,3,7,8', '/upload/20170206/ca530a984bd4960fe6fa5633b4ca549e.png', '<p>ss</p>', '1486509000', '0', '67.90', '23.40', '1', '1', '234', '0', '1486509000', '0', '1486337009', '1486337009', '115.914262827', '28.6892302338', '1', '3', '0.00', '测试测试');
INSERT INTO `o2o_bis_foods` VALUES ('22', '赫赫喝', '2', '2,3', '2', '6,3,3', '/upload/20170206/6fa45c011e17b3d3ca8a49855783a8d8.png', '<p>的身高多少</p><p>试试</p>', '1486377120', '1503854979', '89.30', '23.80', '4', '6', '234', '0', '1486377120', '0', '1486377155', '1486377155', '115.914262827', '28.6892302338', '1', '3', '0.00', '看看，不亏');
INSERT INTO `o2o_bis_foods` VALUES ('23', '公寓酒店', '4', '23', '3', '6,3,2', '/upload/20170219/a0bd8e0cc55ebd01e3b20ddf8d0e2880.jpg', '<p style=\"margin-top: 0px; margin-bottom: 0px; padding: 0px; border: 0px; outline: 0px; font-family: &#39;Hiragino Sans GB&#39;, arial, Verdana, tahoma, 宋体, sans-serif; font-size: 14px; vertical-align: baseline; color: rgb(102, 102, 102); line-height: 25px; white-space: normal;\"><span style=\"font-weight: 700;\">适用门店：</span><br/><span style=\"padding: 0px; margin: 0px; border: 0px; outline: 0px; font-weight: inherit; font-style: inherit; font-family: inherit; vertical-align: baseline;\"><span style=\"font-weight: 700;\">南昌美巢公寓酒店</span></span><br/><span style=\"padding: 0px; margin: 0px; border: 0px; outline: 0px; font-weight: inherit; font-style: inherit; font-family: inherit; vertical-align: baseline;\">预约电话: --18107000109</span><br/><span style=\"padding: 0px; margin: 0px; border: 0px; outline: 0px; font-weight: inherit; font-style: inherit; font-family: inherit; vertical-align: baseline;\">地址:近郊红谷滩新区万达广场A1座1405</span><br/></p><p style=\"margin-top: 0px; margin-bottom: 0px; padding: 0px; border: 0px; outline: 0px; font-family: &#39;Hiragino Sans GB&#39;, arial, Verdana, tahoma, 宋体, sans-serif; font-size: 14px; vertical-align: baseline; color: rgb(102, 102, 102); line-height: 25px; white-space: normal;\"><span style=\"font-weight: 700;\">房型信息：</span><br/><span style=\"padding: 0px; margin: 0px; border: 0px; outline: 0px; font-weight: inherit; font-style: inherit; font-family: inherit; vertical-align: baseline;\"><span style=\"font-weight: 700;\">酒店式公寓房</span></span><br/><span style=\"padding: 0px; margin: 0px; border: 0px; outline: 0px; font-weight: inherit; font-style: inherit; font-family: inherit; vertical-align: baseline;\">– 1 张床&nbsp;<br/><span style=\"padding: 0px; margin: 0px; border: 0px; outline: 0px; font-weight: inherit; font-style: inherit; font-family: inherit; vertical-align: baseline;\">–方床(长：2 宽：1.8)</span>&nbsp;</span><br/></p><p style=\"margin-top: 0px; margin-bottom: 0px; padding: 0px; border: 0px; outline: 0px; font-family: &#39;Hiragino Sans GB&#39;, arial, Verdana, tahoma, 宋体, sans-serif; font-size: 14px; vertical-align: baseline; color: rgb(102, 102, 102); line-height: 25px; white-space: normal;\"><span style=\"font-weight: 700;\">入住提示:</span><br/><span style=\"padding: 0px; margin: 0px; border: 0px; outline: 0px; font-weight: inherit; font-style: inherit; font-family: inherit; vertical-align: baseline;\">• 当日06:00点前入住，需当日12:00点前退房</span><br/><span style=\"padding: 0px; margin: 0px; border: 0px; outline: 0px; font-weight: inherit; font-style: inherit; font-family: inherit; vertical-align: baseline;\">• 当日06:00点后入住，需次日12:00点前退房</span><br/><span style=\"padding: 0px; margin: 0px; border: 0px; outline: 0px; font-weight: inherit; font-style: inherit; font-family: inherit; vertical-align: baseline;\">• 详情咨询酒店</span><br/></p><p style=\"margin-top: 0px; margin-bottom: 0px; padding: 0px; border: 0px; outline: 0px; font-family: &#39;Hiragino Sans GB&#39;, arial, Verdana, tahoma, 宋体, sans-serif; font-size: 14px; vertical-align: baseline; color: rgb(102, 102, 102); line-height: 25px; white-space: normal;\"><span style=\"font-weight: 700;\">购买须知:</span><br/><span style=\"padding: 0px; margin: 0px; border: 0px; outline: 0px; font-weight: inherit; font-style: inherit; font-family: inherit; vertical-align: baseline;\">• 凭团购券可享受指定房型1晚住宿。</span><br/><span style=\"padding: 0px; margin: 0px; border: 0px; outline: 0px; font-weight: inherit; font-style: inherit; font-family: inherit; vertical-align: baseline; color: red;\">• 需提前至少1 天 致电商家预约。&nbsp;</span><br/><span style=\"padding: 0px; margin: 0px; border: 0px; outline: 0px; font-weight: inherit; font-style: inherit; font-family: inherit; vertical-align: baseline;\">• 需携带有效证件（除驾驶证）办理入住。</span><br/><span style=\"padding: 0px; margin: 0px; border: 0px; outline: 0px; font-weight: inherit; font-style: inherit; font-family: inherit; vertical-align: baseline;\">• 入住需缴纳100元押金。</span><br/><span style=\"padding: 0px; margin: 0px; border: 0px; outline: 0px; font-weight: inherit; font-style: inherit; font-family: inherit; vertical-align: baseline;\">• 损坏房间内的物品，需照价赔偿。</span><br/><span style=\"padding: 0px; margin: 0px; border: 0px; outline: 0px; font-weight: inherit; font-style: inherit; font-family: inherit; vertical-align: baseline;\">• 不能同时享受酒店其他优惠。</span><br/><span style=\"padding: 0px; margin: 0px; border: 0px; outline: 0px; font-weight: inherit; font-style: inherit; font-family: inherit; vertical-align: baseline;\">• 请不要携带宠物入住 。</span><br/><span style=\"padding: 0px; margin: 0px; border: 0px; outline: 0px; font-weight: inherit; font-style: inherit; font-family: inherit; vertical-align: baseline;\">• 加价信息：</span><br/><span style=\"padding: 0px; margin: 0px; border: 0px; outline: 0px; font-weight: inherit; font-style: inherit; font-family: inherit; vertical-align: baseline; color: red;\">–加价信息请咨询商家。</span><br/><span style=\"padding: 0px; margin: 0px; border: 0px; outline: 0px; font-weight: inherit; font-style: inherit; font-family: inherit; vertical-align: baseline;\">• 团购预留房酒店式公寓房为1间。;</span><br/></p><p style=\"margin-top: 0px; margin-bottom: 0px; padding: 0px; border: 0px; outline: 0px; font-family: &#39;Hiragino Sans GB&#39;, arial, Verdana, tahoma, 宋体, sans-serif; font-size: 14px; vertical-align: baseline; color: rgb(102, 102, 102); line-height: 25px; white-space: normal;\"><span style=\"padding: 0px; margin: 0px; border: 0px; outline: 0px; font-weight: inherit; font-style: inherit; font-family: inherit; vertical-align: baseline;\">如需发票，请咨询商家。</span></p><p><br style=\"color: rgb(102, 102, 102); font-family: &#39;Hiragino Sans GB&#39;, arial, Verdana, tahoma, 宋体, sans-serif; font-size: 14px; line-height: 25px; white-space: normal;\"/><span style=\"color: rgb(102, 102, 102); font-family: &#39;Hiragino Sans GB&#39;, arial, Verdana, tahoma, 宋体, sans-serif; font-size: 14px; line-height: 25px;\">此产品由去哪儿网提供。</span></p><p><br/></p>', '1487746200', '1489215000', '128.00', '68.00', '10', '10', '10000', '0', '1488005460', '0', '1487487204', '1488416282', '115.914262827', '28.6892302338', '1', '3', '0.00', '好玩，好玩');
INSERT INTO `o2o_bis_foods` VALUES ('24', '(奥体天虹店)', '1', '29\r\n,34', '4', '7,1,2', '/upload/20170219/d1.jpg', '<p>快快来消费哦。很好的价格</p>', '1487662260', '0', '100.00', '50.00', '14', '3', '10000', '0', '1488007920', '0', '1487489578', '1487489578', '115.842138613', '28.7652149761', '1', '4', '0.00', '本券周六日不能使用，请注意');
INSERT INTO `o2o_bis_foods` VALUES ('25', '王老吉', '1', '34', '5', '7,3', '/upload/20170219/d1.jpg', '<p>本券100份，先买先得，原价300无限制2个狂吃，本店所有商品全部都能随便选择吃，不能带走，吃饱为止。快快来哦</p>', '1489131180', '1493451180', '300.00', '150.00', '15', '14', '100', '0', '1489131240', '0', '1487489743', '1487489743', '115.842138613', '28.7652149761', '1', '4', '0.00', '本券只限工作日的中午使用');
INSERT INTO `o2o_bis_foods` VALUES ('26', '江户前', '4', '23,24', '6', '9', '/upload/20170219/3fbf62aa64e2c197be655c010adfe0f3.jpg', '<ul class=\"ext-info list-paddingleft-2\" style=\"list-style-type: square;\"><li><p>儿童按成人收费，可用餐2小时。</p></li><li><p>本店特色：</p></li><li><p>-刺身：鸟贝刺身，乌贼刺身，章鱼刺身，生吃三拼，生吃贝类三种，三文鱼刺身、红金枪鱼刺身，白金枪鱼刺身，牙片鱼刺身。</p></li><li><p>-醋物：醋拌什锦海鲜，醋拌裙带菜，醋拌虾，醋拌赤贝，醋拌胺肝，醋拌鸟贝</p></li><li><p>-烤物：烤牛肉，蒜味烤脆排，亚细亚风烤羊排，烤海螺，培根卷，多春鱼，烤鸡排，烤鳗鱼，烤三文鱼头，烤鸡肉串，烤鸡翅，盐烤秋刀鱼，盐烤鱿鱼，盐烤鲐鱼，酱味大鲅鱼，酱烤鲽鱼，凤尾虾炸面包虾炸物：香炸鸡脆骨，香炸鱿鱼圈，香炸牡蛎，香酥面条鱼，什锦天妇罗，脆炸鱿鱼须，脆炸鸡肉块，蒜香炸鸡翅中，炸猪排，炸虾天妇罗，蔬菜天妇罗，凤尾酥炸面包虾，柠檬虾仁</p></li><li><p>-煮物：百合虾仁，酒蒸蚬子，辣炒牛蒡，嫩煮豆腐，日式蒸蛋，日式红烧肉，酱煮鲐鱼</p></li><li><p>-寿司：纳豆细卷，黄瓜细卷，炸虾手卷，三文鱼籽寿司，三文鱼寿司，金枪鱼细卷，什锦粗卷，章鱼寿司，虾寿司，乌贼寿司，飞鱼籽寿司，鳗鱼寿司，鸟贝寿司，鸡蛋寿司，竹寿司</p></li><li><p>-铁板烧：蔬菜什锦，铁板海蛎子，铁板五花肉，铁板香辣鱿鱼须，铁板香菇，铁板虾仁，铁板牛肉卷，蒜香牛香片，铁板牛肉，铁板羊排，银芽鸡脆骨，铁板培根荷兰豆，铁板培根炒菠菜，铁板特色豆腐，铁板煎鲍菇，铁板三文鱼，铁板木瓜桂花酱，铁板蓝莓香蕉，铁板虾，铁板鱿鱼，银芽虾仁爆螺片</p></li><li><p>-主食，汤类：海鲜乌冬面，滑子磨乌冬面，铁板乌冬面，散花寿司饭，海鲜粥，牛肉乌冬面，紫菜泡饭，三文鱼泡饭，梅肉茶泡饭，豆腐皮乌冬面，日式拉面，日式烤饭团，冷荞麦面，小咸菜，炸虾热荞麦面，酱汤，鳗鱼盖饭，蔬菜粥，辣白菜炒饭，牛筋炒饭，培根炒饭，蚬肉裙带菜汤。</p></li></ul><h3 class=\"w-section-header\" style=\"font-size: 20px; margin: 0px; padding: 30px 0px 15px; border-width: 0px 0px 1px; border-bottom-style: solid; border-bottom-color: rgb(197, 197, 197); outline: 0px; font-weight: normal; font-family: &#39;microsoft yahei&#39;; vertical-align: baseline; width: 725px; font-stretch: normal; line-height: normal;\">团单详情<br/></h3><p>日本料理自助:<br/></p><p class=\"wrap-img\" style=\"margin-top: 0px; margin-bottom: 0px; padding: 0px; border: 0px; outline: 0px; font-weight: inherit; font-style: inherit; font-family: inherit; font-size: 0px; vertical-align: baseline; line-height: 0;\"><img src=\"/ueditor/php/upload/image/20170219/1487503337338610.jpg\" title=\"图片\" style=\"border: 0px; padding: 0px; margin: 0px; outline: 0px; font-weight: inherit; font-style: inherit; font-family: inherit; vertical-align: baseline; float: none; display: block;\"/></p><p><br/></p><p class=\"wrap-img\" style=\"margin-top: 0px; margin-bottom: 0px; padding: 0px; border: 0px; outline: 0px; font-weight: inherit; font-style: inherit; font-family: inherit; font-size: 0px; vertical-align: baseline; line-height: 0;\"><img src=\"/ueditor/php/upload/image/20170219/1487503337702592.jpg\" title=\"图片\" style=\"border: 0px; padding: 0px; margin: 0px; outline: 0px; font-weight: inherit; font-style: inherit; font-family: inherit; vertical-align: baseline; float: none; display: block;\"/></p><p><br/></p>', '1487503260', '1504154979', '125.00', '23.00', '1', '8', '1000', '0', '1487676060', '0', '1487503396', '1487503396', '115.888777186', '28.6890034095', '1', '6', '0.00', '本店WiFi免费');
INSERT INTO `o2o_bis_foods` VALUES ('27', '自助餐', '5', '21\r\n,32', '7', '3,2', '/upload/20170219/0c419b2425c8935b4222354c0442f0dd.jpg', '<p><span style=\"color: rgb(88, 88, 88); font-family: &#39;Hiragino Sans GB&#39;, arial, Verdana, tahoma, 宋体, sans-serif; font-size: 14px; line-height: 25px;\">汤类：海鲜乌冬面，滑子磨乌冬面，铁板乌冬面，散花寿司饭，海鲜粥，牛肉乌冬面，紫菜泡饭，三文鱼泡饭，梅肉茶泡饭，豆腐皮乌冬面，日式拉面，日式烤饭团，冷荞麦面，小咸菜，炸虾热荞麦面，酱汤，鳗鱼盖饭，蔬菜粥，辣白菜炒饭，牛筋炒饭，培根炒饭，蚬肉裙带菜汤</span></p><p><span style=\"color: rgb(102, 102, 102); font-family: &#39;Hiragino Sans GB&#39;, arial, Verdana, tahoma, 宋体, sans-serif; font-size: 14px; line-height: 25px;\">单人日本料理自助:</span><br style=\"color: rgb(102, 102, 102); font-family: &#39;Hiragino Sans GB&#39;, arial, Verdana, tahoma, 宋体, sans-serif; font-size: 14px; line-height: 25px; white-space: normal;\"/></p><p class=\"wrap-img\" style=\"margin-top: 0px; margin-bottom: 0px; padding: 0px; border: 0px; outline: 0px; font-family: &#39;Hiragino Sans GB&#39;, arial, Verdana, tahoma, 宋体, sans-serif; font-size: 0px; vertical-align: baseline; line-height: 0; color: rgb(102, 102, 102); white-space: normal;\"><img src=\"https://gss0.baidu.com/-4o3dSag_xI4khGko9WTAnF6hhy/bainuo/crop%3D0%2C0%2C470%2C285%3Bw%3D470%3Bq%3D99%3Bc%3Dnuomi%2C95%2C95/sign=a746735aab51f3ded7fde324a9dedc2f/c9fcc3cec3fdfc03a8155828d03f8794a4c22634.jpg\" title=\"图片\" style=\"border: 0px; padding: 0px; margin: 0px; outline: 0px; font-weight: inherit; font-style: inherit; font-family: inherit; vertical-align: baseline; float: none; display: block;\"/></p><p><br style=\"color: rgb(102, 102, 102); font-family: &#39;Hiragino Sans GB&#39;, arial, Verdana, tahoma, 宋体, sans-serif; font-size: 14px; line-height: 25px; white-space: normal;\"/></p><p class=\"wrap-img\" style=\"margin-top: 0px; margin-bottom: 0px; padding: 0px; border: 0px; outline: 0px; font-family: &#39;Hiragino Sans GB&#39;, arial, Verdana, tahoma, 宋体, sans-serif; font-size: 0px; vertical-align: baseline; line-height: 0; color: rgb(102, 102, 102); white-space: normal;\"><img src=\"https://gss0.baidu.com/-4o3dSag_xI4khGko9WTAnF6hhy/bainuo/crop%3D0%2C0%2C470%2C705%3Bw%3D470%3Bq%3D99/sign=b9fd96ec550fd9f9b4580f29181df81a/aa18972bd40735fab4c8f7299a510fb30f240861.jpg\" title=\"图片\" style=\"border: 0px; padding: 0px; margin: 0px; outline: 0px; font-weight: inherit; font-style: inherit; font-family: inherit; vertical-align: baseline; float: none; display: block;\"/></p><p><br/></p>', '1487849040', '0', '800.00', '250.00', '4', '13', '2000', '0', '1489231440', '0', '1487503535', '1487503535', '115.888777186', '28.6890034095', '1', '6', '0.00', '很好的东西哦');
INSERT INTO `o2o_bis_foods` VALUES ('28', '三汁焖锅', '6', '16,17', '8', '1,7', '/upload/20170219/f35c26b5069e96402d2f25a20f5e6faf.jpg', '<p><span style=\"color: rgb(102, 102, 102); font-family: &#39;Hiragino Sans GB&#39;, arial, Verdana, tahoma, 宋体, sans-serif; font-size: 14px; line-height: 25px;\">代金券:</span><br style=\"color: rgb(102, 102, 102); font-family: &#39;Hiragino Sans GB&#39;, arial, Verdana, tahoma, 宋体, sans-serif; font-size: 14px; line-height: 25px; white-space: normal;\"/></p><p class=\"wrap-img\" style=\"margin-top: 0px; margin-bottom: 0px; padding: 0px; border: 0px; outline: 0px; font-family: &#39;Hiragino Sans GB&#39;, arial, Verdana, tahoma, 宋体, sans-serif; font-size: 0px; vertical-align: baseline; line-height: 0; color: rgb(102, 102, 102); white-space: normal;\"><img src=\"https://gss0.baidu.com/-4o3dSag_xI4khGko9WTAnF6hhy/bainuo/w%3D470%3Bq%3D99/sign=14c0fee70ed162d985ee631b21e4d8d1/35a85edf8db1cb135f9c8c30d954564e92584b1f.jpg\" title=\"图片\" style=\"border: 0px; padding: 0px; margin: 0px; outline: 0px; font-weight: inherit; font-style: inherit; font-family: inherit; vertical-align: baseline; float: none; display: block;\"/></p><p><br style=\"color: rgb(102, 102, 102); font-family: &#39;Hiragino Sans GB&#39;, arial, Verdana, tahoma, 宋体, sans-serif; font-size: 14px; line-height: 25px; white-space: normal;\"/></p><p class=\"wrap-img\" style=\"margin-top: 0px; margin-bottom: 0px; padding: 0px; border: 0px; outline: 0px; font-family: &#39;Hiragino Sans GB&#39;, arial, Verdana, tahoma, 宋体, sans-serif; font-size: 0px; vertical-align: baseline; line-height: 0; color: rgb(102, 102, 102); white-space: normal;\"><img src=\"https://gss0.baidu.com/-4o3dSag_xI4khGko9WTAnF6hhy/bainuo/w%3D470%3Bq%3D99/sign=29ac1991d558ccbf1bbcb43d29e3cd03/1c950a7b02087bf490a3e7caf6d3572c11dfcf42.jpg\" title=\"图片\" style=\"border: 0px; padding: 0px; margin: 0px; outline: 0px; font-weight: inherit; font-style: inherit; font-family: inherit; vertical-align: baseline; float: none; display: block;\"/></p><p><br/></p>', '1487331060', '1493551860', '349.00', '120.00', '10', '10', '10000', '0', '1489231860', '0', '1487503950', '1487503950', '115.905503455', '28.6652145737', '1', '7', '0.00', '商家提供餐后打包服务，需另付 1元/个打包盒');
INSERT INTO `o2o_bis_foods` VALUES ('29', '盖德', '4', '24', '9', '6,1', '/upload/20170219/3e35576eb4c321bf517f8d8ac2c95acf.jpg', '<p><span style=\"color: rgb(102, 102, 102); font-family: &#39;Hiragino Sans GB&#39;, arial, Verdana, tahoma, 宋体, sans-serif; font-size: 14px; line-height: 25px;\">代金券:</span><br style=\"color: rgb(102, 102, 102); font-family: &#39;Hiragino Sans GB&#39;, arial, Verdana, tahoma, 宋体, sans-serif; font-size: 14px; line-height: 25px; white-space: normal;\"/></p><p class=\"wrap-img\" style=\"margin-top: 0px; margin-bottom: 0px; padding: 0px; border: 0px; outline: 0px; font-family: &#39;Hiragino Sans GB&#39;, arial, Verdana, tahoma, 宋体, sans-serif; font-size: 0px; vertical-align: baseline; line-height: 0; color: rgb(102, 102, 102); white-space: normal;\"><img src=\"https://gss0.baidu.com/-4o3dSag_xI4khGko9WTAnF6hhy/bainuo/w%3D470%3Bq%3D99%3Bc%3Dnuomi%2C95%2C95/sign=cf9d1792adec8a13141a56e7c738e0b2/ca1349540923dd54ceff9415d509b3de9c82483a.jpg\" title=\"图片\" style=\"border: 0px; padding: 0px; margin: 0px; outline: 0px; font-weight: inherit; font-style: inherit; font-family: inherit; vertical-align: baseline; float: none;\"/></p><p><br/></p>', '1491651180', '1520681580', '100.00', '75.00', '14', '9', '1000', '0', '1493465580', '0', '1487504051', '1487504051', '115.905503455', '28.6652145737', '1', '7', '0.00', '无需预约，直接消费（高峰期间消费需排号等位）');
INSERT INTO `o2o_bis_foods` VALUES ('30', '自助火锅百汇', '2', '3', '9', '1', '/upload/20170219/8af01775f874b7ebf3583eb2fdf3e9ed.jpg', '<p>很好吃哦</p>', '1488284820', '1491654420', '100.00', '24.00', '15', '16', '10000', '0', '1488976080', '0', '1487507340', '1487507340', '115.826266426', '29.0155615737', '1', '8', '0.00', '星期六不能使用');
INSERT INTO `o2o_bis_foods` VALUES ('31', '团购商品', '4', '25', '1', '6,3', '/upload/20170206/ca530a984bd4960fe6fa5633b4ca549e.png', '<p>ss</p>', '1486509000', '1481187400', '67.90', '23.40', '1', '1', '234', '0', '1486509000', '0', '1486337009', '1486337009', '115.914262827', '28.6892302338', '1', '3', '0.00', '测试测试');
INSERT INTO `o2o_bis_foods` VALUES ('32', ' 优乐美', '6', '17', '2', '6,3,5', '/upload/20170206/6fa45c011e17b3d3ca8a49855783a8d8.png', '<p>的身高多少</p><p>试试</p>', '1486377120', '0', '89.30', '23.50', '4', '6', '234', '0', '1486377120', '0', '1486377155', '1486377155', '115.914262827', '28.6892302338', '1', '3', '0.00', '看看，不亏');
INSERT INTO `o2o_bis_foods` VALUES ('33', ' 烧饼', '1', '28\r\n,29\r\n,34', '3', '6,1', '/upload/20170219/a0bd8e0cc55ebd01e3b20ddf8d0e2880.jpg', '<p style=\"margin-top: 0px; margin-bottom: 0px; padding: 0px; border: 0px; outline: 0px; font-family: &#39;Hiragino Sans GB&#39;, arial, Verdana, tahoma, 宋体, sans-serif; font-size: 14px; vertical-align: baseline; color: rgb(102, 102, 102); line-height: 25px; white-space: normal;\"><span style=\"font-weight: 700;\">适用门店：</span><br/><span style=\"padding: 0px; margin: 0px; border: 0px; outline: 0px; font-weight: inherit; font-style: inherit; font-family: inherit; vertical-align: baseline;\"><span style=\"font-weight: 700;\">南昌美巢公寓酒店</span></span><br/><span style=\"padding: 0px; margin: 0px; border: 0px; outline: 0px; font-weight: inherit; font-style: inherit; font-family: inherit; vertical-align: baseline;\">预约电话: --18107000109</span><br/><span style=\"padding: 0px; margin: 0px; border: 0px; outline: 0px; font-weight: inherit; font-style: inherit; font-family: inherit; vertical-align: baseline;\">地址:近郊红谷滩新区万达广场A1座1405</span><br/></p><p style=\"margin-top: 0px; margin-bottom: 0px; padding: 0px; border: 0px; outline: 0px; font-family: &#39;Hiragino Sans GB&#39;, arial, Verdana, tahoma, 宋体, sans-serif; font-size: 14px; vertical-align: baseline; color: rgb(102, 102, 102); line-height: 25px; white-space: normal;\"><span style=\"font-weight: 700;\">房型信息：</span><br/><span style=\"padding: 0px; margin: 0px; border: 0px; outline: 0px; font-weight: inherit; font-style: inherit; font-family: inherit; vertical-align: baseline;\"><span style=\"font-weight: 700;\">酒店式公寓房</span></span><br/><span style=\"padding: 0px; margin: 0px; border: 0px; outline: 0px; font-weight: inherit; font-style: inherit; font-family: inherit; vertical-align: baseline;\">– 1 张床&nbsp;<br/><span style=\"padding: 0px; margin: 0px; border: 0px; outline: 0px; font-weight: inherit; font-style: inherit; font-family: inherit; vertical-align: baseline;\">–方床(长：2 宽：1.8)</span>&nbsp;</span><br/></p><p style=\"margin-top: 0px; margin-bottom: 0px; padding: 0px; border: 0px; outline: 0px; font-family: &#39;Hiragino Sans GB&#39;, arial, Verdana, tahoma, 宋体, sans-serif; font-size: 14px; vertical-align: baseline; color: rgb(102, 102, 102); line-height: 25px; white-space: normal;\"><span style=\"font-weight: 700;\">入住提示:</span><br/><span style=\"padding: 0px; margin: 0px; border: 0px; outline: 0px; font-weight: inherit; font-style: inherit; font-family: inherit; vertical-align: baseline;\">• 当日06:00点前入住，需当日12:00点前退房</span><br/><span style=\"padding: 0px; margin: 0px; border: 0px; outline: 0px; font-weight: inherit; font-style: inherit; font-family: inherit; vertical-align: baseline;\">• 当日06:00点后入住，需次日12:00点前退房</span><br/><span style=\"padding: 0px; margin: 0px; border: 0px; outline: 0px; font-weight: inherit; font-style: inherit; font-family: inherit; vertical-align: baseline;\">• 详情咨询酒店</span><br/></p><p style=\"margin-top: 0px; margin-bottom: 0px; padding: 0px; border: 0px; outline: 0px; font-family: &#39;Hiragino Sans GB&#39;, arial, Verdana, tahoma, 宋体, sans-serif; font-size: 14px; vertical-align: baseline; color: rgb(102, 102, 102); line-height: 25px; white-space: normal;\"><span style=\"font-weight: 700;\">购买须知:</span><br/><span style=\"padding: 0px; margin: 0px; border: 0px; outline: 0px; font-weight: inherit; font-style: inherit; font-family: inherit; vertical-align: baseline;\">• 凭团购券可享受指定房型1晚住宿。</span><br/><span style=\"padding: 0px; margin: 0px; border: 0px; outline: 0px; font-weight: inherit; font-style: inherit; font-family: inherit; vertical-align: baseline; color: red;\">• 需提前至少1 天 致电商家预约。&nbsp;</span><br/><span style=\"padding: 0px; margin: 0px; border: 0px; outline: 0px; font-weight: inherit; font-style: inherit; font-family: inherit; vertical-align: baseline;\">• 需携带有效证件（除驾驶证）办理入住。</span><br/><span style=\"padding: 0px; margin: 0px; border: 0px; outline: 0px; font-weight: inherit; font-style: inherit; font-family: inherit; vertical-align: baseline;\">• 入住需缴纳100元押金。</span><br/><span style=\"padding: 0px; margin: 0px; border: 0px; outline: 0px; font-weight: inherit; font-style: inherit; font-family: inherit; vertical-align: baseline;\">• 损坏房间内的物品，需照价赔偿。</span><br/><span style=\"padding: 0px; margin: 0px; border: 0px; outline: 0px; font-weight: inherit; font-style: inherit; font-family: inherit; vertical-align: baseline;\">• 不能同时享受酒店其他优惠。</span><br/><span style=\"padding: 0px; margin: 0px; border: 0px; outline: 0px; font-weight: inherit; font-style: inherit; font-family: inherit; vertical-align: baseline;\">• 请不要携带宠物入住 。</span><br/><span style=\"padding: 0px; margin: 0px; border: 0px; outline: 0px; font-weight: inherit; font-style: inherit; font-family: inherit; vertical-align: baseline;\">• 加价信息：</span><br/><span style=\"padding: 0px; margin: 0px; border: 0px; outline: 0px; font-weight: inherit; font-style: inherit; font-family: inherit; vertical-align: baseline; color: red;\">–加价信息请咨询商家。</span><br/><span style=\"padding: 0px; margin: 0px; border: 0px; outline: 0px; font-weight: inherit; font-style: inherit; font-family: inherit; vertical-align: baseline;\">• 团购预留房酒店式公寓房为1间。;</span><br/></p><p style=\"margin-top: 0px; margin-bottom: 0px; padding: 0px; border: 0px; outline: 0px; font-family: &#39;Hiragino Sans GB&#39;, arial, Verdana, tahoma, 宋体, sans-serif; font-size: 14px; vertical-align: baseline; color: rgb(102, 102, 102); line-height: 25px; white-space: normal;\"><span style=\"padding: 0px; margin: 0px; border: 0px; outline: 0px; font-weight: inherit; font-style: inherit; font-family: inherit; vertical-align: baseline;\">如需发票，请咨询商家。</span></p><p><br style=\"color: rgb(102, 102, 102); font-family: &#39;Hiragino Sans GB&#39;, arial, Verdana, tahoma, 宋体, sans-serif; font-size: 14px; line-height: 25px; white-space: normal;\"/><span style=\"color: rgb(102, 102, 102); font-family: &#39;Hiragino Sans GB&#39;, arial, Verdana, tahoma, 宋体, sans-serif; font-size: 14px; line-height: 25px;\">此产品由去哪儿网提供。</span></p><p><br/></p>', '1487746200', '1489215000', '128.00', '68.00', '10', '11', '10000', '0', '1488005460', '0', '1487487204', '1488416282', '115.914262827', '28.6892302338', '1', '3', '0.00', '好玩，好玩');
INSERT INTO `o2o_bis_foods` VALUES ('34', ' 小冰点', '2', '2,22', '4', '7', '/upload/20170219/d1.jpg', '<p>快快来消费哦。很好的价格</p>', '1487662260', '1517470260', '100.00', '50.00', '14', '3', '10000', '0', '1488007920', '0', '1487489578', '1487489578', '115.842138613', '28.7652149761', '1', '4', '0.00', '本券周六日不能使用，请注意');
INSERT INTO `o2o_bis_foods` VALUES ('35', ' 武太郎', '4', '24,25', '5', '7,5', '/upload/20170219/d1.jpg', '<p>本券100份，先买先得，原价300无限制2个狂吃，本店所有商品全部都能随便选择吃，不能带走，吃饱为止。快快来哦</p>', '1489131180', '0', '300.00', '130.00', '15', '17', '100', '0', '1489131240', '0', '1487489743', '1487489743', '115.842138613', '28.7652149761', '1', '4', '0.00', '本券只限工作日的中午使用');
INSERT INTO `o2o_bis_foods` VALUES ('36', '舞台蓝', '1', '10,9', '6', '9', '/upload/20170219/3fbf62aa64e2c197be655c010adfe0f3.jpg', '<ul class=\"ext-info list-paddingleft-2\" style=\"list-style-type: square;\"><li><p>儿童按成人收费，可用餐2小时。</p></li><li><p>本店特色：</p></li><li><p>-刺身：鸟贝刺身，乌贼刺身，章鱼刺身，生吃三拼，生吃贝类三种，三文鱼刺身、红金枪鱼刺身，白金枪鱼刺身，牙片鱼刺身。</p></li><li><p>-醋物：醋拌什锦海鲜，醋拌裙带菜，醋拌虾，醋拌赤贝，醋拌胺肝，醋拌鸟贝</p></li><li><p>-烤物：烤牛肉，蒜味烤脆排，亚细亚风烤羊排，烤海螺，培根卷，多春鱼，烤鸡排，烤鳗鱼，烤三文鱼头，烤鸡肉串，烤鸡翅，盐烤秋刀鱼，盐烤鱿鱼，盐烤鲐鱼，酱味大鲅鱼，酱烤鲽鱼，凤尾虾炸面包虾炸物：香炸鸡脆骨，香炸鱿鱼圈，香炸牡蛎，香酥面条鱼，什锦天妇罗，脆炸鱿鱼须，脆炸鸡肉块，蒜香炸鸡翅中，炸猪排，炸虾天妇罗，蔬菜天妇罗，凤尾酥炸面包虾，柠檬虾仁</p></li><li><p>-煮物：百合虾仁，酒蒸蚬子，辣炒牛蒡，嫩煮豆腐，日式蒸蛋，日式红烧肉，酱煮鲐鱼</p></li><li><p>-寿司：纳豆细卷，黄瓜细卷，炸虾手卷，三文鱼籽寿司，三文鱼寿司，金枪鱼细卷，什锦粗卷，章鱼寿司，虾寿司，乌贼寿司，飞鱼籽寿司，鳗鱼寿司，鸟贝寿司，鸡蛋寿司，竹寿司</p></li><li><p>-铁板烧：蔬菜什锦，铁板海蛎子，铁板五花肉，铁板香辣鱿鱼须，铁板香菇，铁板虾仁，铁板牛肉卷，蒜香牛香片，铁板牛肉，铁板羊排，银芽鸡脆骨，铁板培根荷兰豆，铁板培根炒菠菜，铁板特色豆腐，铁板煎鲍菇，铁板三文鱼，铁板木瓜桂花酱，铁板蓝莓香蕉，铁板虾，铁板鱿鱼，银芽虾仁爆螺片</p></li><li><p>-主食，汤类：海鲜乌冬面，滑子磨乌冬面，铁板乌冬面，散花寿司饭，海鲜粥，牛肉乌冬面，紫菜泡饭，三文鱼泡饭，梅肉茶泡饭，豆腐皮乌冬面，日式拉面，日式烤饭团，冷荞麦面，小咸菜，炸虾热荞麦面，酱汤，鳗鱼盖饭，蔬菜粥，辣白菜炒饭，牛筋炒饭，培根炒饭，蚬肉裙带菜汤。</p></li></ul><h3 class=\"w-section-header\" style=\"font-size: 20px; margin: 0px; padding: 30px 0px 15px; border-width: 0px 0px 1px; border-bottom-style: solid; border-bottom-color: rgb(197, 197, 197); outline: 0px; font-weight: normal; font-family: &#39;microsoft yahei&#39;; vertical-align: baseline; width: 725px; font-stretch: normal; line-height: normal;\">团单详情<br/></h3><p>日本料理自助:<br/></p><p class=\"wrap-img\" style=\"margin-top: 0px; margin-bottom: 0px; padding: 0px; border: 0px; outline: 0px; font-weight: inherit; font-style: inherit; font-family: inherit; font-size: 0px; vertical-align: baseline; line-height: 0;\"><img src=\"/ueditor/php/upload/image/20170219/1487503337338610.jpg\" title=\"图片\" style=\"border: 0px; padding: 0px; margin: 0px; outline: 0px; font-weight: inherit; font-style: inherit; font-family: inherit; vertical-align: baseline; float: none; display: block;\"/></p><p><br/></p><p class=\"wrap-img\" style=\"margin-top: 0px; margin-bottom: 0px; padding: 0px; border: 0px; outline: 0px; font-weight: inherit; font-style: inherit; font-family: inherit; font-size: 0px; vertical-align: baseline; line-height: 0;\"><img src=\"/ueditor/php/upload/image/20170219/1487503337702592.jpg\" title=\"图片\" style=\"border: 0px; padding: 0px; margin: 0px; outline: 0px; font-weight: inherit; font-style: inherit; font-family: inherit; vertical-align: baseline; float: none; display: block;\"/></p><p><br/></p>', '1487503260', '1489131180', '125.00', '23.00', '1', '8', '1000', '0', '1487676060', '0', '1487503396', '1487503396', '115.888777186', '28.6890034095', '1', '6', '0.00', '本店WiFi免费');
INSERT INTO `o2o_bis_foods` VALUES ('37', ' 隔壁街鹅鹅鹅', '1', '10,8', '7', '9,3', '/upload/20170219/0c419b2425c8935b4222354c0442f0dd.jpg', '<p><span style=\"color: rgb(88, 88, 88); font-family: &#39;Hiragino Sans GB&#39;, arial, Verdana, tahoma, 宋体, sans-serif; font-size: 14px; line-height: 25px;\">汤类：海鲜乌冬面，滑子磨乌冬面，铁板乌冬面，散花寿司饭，海鲜粥，牛肉乌冬面，紫菜泡饭，三文鱼泡饭，梅肉茶泡饭，豆腐皮乌冬面，日式拉面，日式烤饭团，冷荞麦面，小咸菜，炸虾热荞麦面，酱汤，鳗鱼盖饭，蔬菜粥，辣白菜炒饭，牛筋炒饭，培根炒饭，蚬肉裙带菜汤</span></p><p><span style=\"color: rgb(102, 102, 102); font-family: &#39;Hiragino Sans GB&#39;, arial, Verdana, tahoma, 宋体, sans-serif; font-size: 14px; line-height: 25px;\">单人日本料理自助:</span><br style=\"color: rgb(102, 102, 102); font-family: &#39;Hiragino Sans GB&#39;, arial, Verdana, tahoma, 宋体, sans-serif; font-size: 14px; line-height: 25px; white-space: normal;\"/></p><p class=\"wrap-img\" style=\"margin-top: 0px; margin-bottom: 0px; padding: 0px; border: 0px; outline: 0px; font-family: &#39;Hiragino Sans GB&#39;, arial, Verdana, tahoma, 宋体, sans-serif; font-size: 0px; vertical-align: baseline; line-height: 0; color: rgb(102, 102, 102); white-space: normal;\"><img src=\"https://gss0.baidu.com/-4o3dSag_xI4khGko9WTAnF6hhy/bainuo/crop%3D0%2C0%2C470%2C285%3Bw%3D470%3Bq%3D99%3Bc%3Dnuomi%2C95%2C95/sign=a746735aab51f3ded7fde324a9dedc2f/c9fcc3cec3fdfc03a8155828d03f8794a4c22634.jpg\" title=\"图片\" style=\"border: 0px; padding: 0px; margin: 0px; outline: 0px; font-weight: inherit; font-style: inherit; font-family: inherit; vertical-align: baseline; float: none; display: block;\"/></p><p><br style=\"color: rgb(102, 102, 102); font-family: &#39;Hiragino Sans GB&#39;, arial, Verdana, tahoma, 宋体, sans-serif; font-size: 14px; line-height: 25px; white-space: normal;\"/></p><p class=\"wrap-img\" style=\"margin-top: 0px; margin-bottom: 0px; padding: 0px; border: 0px; outline: 0px; font-family: &#39;Hiragino Sans GB&#39;, arial, Verdana, tahoma, 宋体, sans-serif; font-size: 0px; vertical-align: baseline; line-height: 0; color: rgb(102, 102, 102); white-space: normal;\"><img src=\"https://gss0.baidu.com/-4o3dSag_xI4khGko9WTAnF6hhy/bainuo/crop%3D0%2C0%2C470%2C705%3Bw%3D470%3Bq%3D99/sign=b9fd96ec550fd9f9b4580f29181df81a/aa18972bd40735fab4c8f7299a510fb30f240861.jpg\" title=\"图片\" style=\"border: 0px; padding: 0px; margin: 0px; outline: 0px; font-weight: inherit; font-style: inherit; font-family: inherit; vertical-align: baseline; float: none; display: block;\"/></p><p><br/></p>', '1487849040', '0', '800.00', '200.00', '4', '18', '2000', '0', '1489231440', '0', '1487503535', '1487503535', '115.888777186', '28.6890034095', '1', '6', '0.00', '很好的东西哦');
INSERT INTO `o2o_bis_foods` VALUES ('38', ' 美食节', '4', '25', '8', '1,2,3', '/upload/20170219/f35c26b5069e96402d2f25a20f5e6faf.jpg', '<p><span style=\"color: rgb(102, 102, 102); font-family: &#39;Hiragino Sans GB&#39;, arial, Verdana, tahoma, 宋体, sans-serif; font-size: 14px; line-height: 25px;\">代金券:</span><br style=\"color: rgb(102, 102, 102); font-family: &#39;Hiragino Sans GB&#39;, arial, Verdana, tahoma, 宋体, sans-serif; font-size: 14px; line-height: 25px; white-space: normal;\"/></p><p class=\"wrap-img\" style=\"margin-top: 0px; margin-bottom: 0px; padding: 0px; border: 0px; outline: 0px; font-family: &#39;Hiragino Sans GB&#39;, arial, Verdana, tahoma, 宋体, sans-serif; font-size: 0px; vertical-align: baseline; line-height: 0; color: rgb(102, 102, 102); white-space: normal;\"><img src=\"https://gss0.baidu.com/-4o3dSag_xI4khGko9WTAnF6hhy/bainuo/w%3D470%3Bq%3D99/sign=14c0fee70ed162d985ee631b21e4d8d1/35a85edf8db1cb135f9c8c30d954564e92584b1f.jpg\" title=\"图片\" style=\"border: 0px; padding: 0px; margin: 0px; outline: 0px; font-weight: inherit; font-style: inherit; font-family: inherit; vertical-align: baseline; float: none; display: block;\"/></p><p><br style=\"color: rgb(102, 102, 102); font-family: &#39;Hiragino Sans GB&#39;, arial, Verdana, tahoma, 宋体, sans-serif; font-size: 14px; line-height: 25px; white-space: normal;\"/></p><p class=\"wrap-img\" style=\"margin-top: 0px; margin-bottom: 0px; padding: 0px; border: 0px; outline: 0px; font-family: &#39;Hiragino Sans GB&#39;, arial, Verdana, tahoma, 宋体, sans-serif; font-size: 0px; vertical-align: baseline; line-height: 0; color: rgb(102, 102, 102); white-space: normal;\"><img src=\"https://gss0.baidu.com/-4o3dSag_xI4khGko9WTAnF6hhy/bainuo/w%3D470%3Bq%3D99/sign=29ac1991d558ccbf1bbcb43d29e3cd03/1c950a7b02087bf490a3e7caf6d3572c11dfcf42.jpg\" title=\"图片\" style=\"border: 0px; padding: 0px; margin: 0px; outline: 0px; font-weight: inherit; font-style: inherit; font-family: inherit; vertical-align: baseline; float: none; display: block;\"/></p><p><br/></p>', '1487331060', '1487849040', '349.00', '120.00', '10', '2', '10000', '0', '1489231860', '0', '1487503950', '1487503950', '115.905503455', '28.6652145737', '1', '7', '0.00', '商家提供餐后打包服务，需另付 1元/个打包盒');
INSERT INTO `o2o_bis_foods` VALUES ('39', ' 大头虾', '5', '21,32', '9', '1,4,7', '/upload/20170219/3e35576eb4c321bf517f8d8ac2c95acf.jpg', '<p><span style=\"color: rgb(102, 102, 102); font-family: &#39;Hiragino Sans GB&#39;, arial, Verdana, tahoma, 宋体, sans-serif; font-size: 14px; line-height: 25px;\">代金券:</span><br style=\"color: rgb(102, 102, 102); font-family: &#39;Hiragino Sans GB&#39;, arial, Verdana, tahoma, 宋体, sans-serif; font-size: 14px; line-height: 25px; white-space: normal;\"/></p><p class=\"wrap-img\" style=\"margin-top: 0px; margin-bottom: 0px; padding: 0px; border: 0px; outline: 0px; font-family: &#39;Hiragino Sans GB&#39;, arial, Verdana, tahoma, 宋体, sans-serif; font-size: 0px; vertical-align: baseline; line-height: 0; color: rgb(102, 102, 102); white-space: normal;\"><img src=\"https://gss0.baidu.com/-4o3dSag_xI4khGko9WTAnF6hhy/bainuo/w%3D470%3Bq%3D99%3Bc%3Dnuomi%2C95%2C95/sign=cf9d1792adec8a13141a56e7c738e0b2/ca1349540923dd54ceff9415d509b3de9c82483a.jpg\" title=\"图片\" style=\"border: 0px; padding: 0px; margin: 0px; outline: 0px; font-weight: inherit; font-style: inherit; font-family: inherit; vertical-align: baseline; float: none;\"/></p><p><br/></p>', '1491651180', '1487331060', '100.00', '75.00', '14', '9', '1000', '0', '1493465580', '0', '1487504051', '1487504051', '115.905503455', '28.6652145737', '1', '7', '0.00', '无需预约，直接消费（高峰期间消费需排号等位）');
INSERT INTO `o2o_bis_foods` VALUES ('40', '铜锣湾', '6', '15', '9', '3,6,9', '/upload/20170219/8af01775f874b7ebf3583eb2fdf3e9ed.jpg', '<p>很好吃哦</p>', '1488284820', '1491651180', '100.00', '24.00', '15', '19', '10000', '0', '1488976080', '0', '1487507340', '1487507340', '115.826266426', '29.0155615737', '1', '8', '0.00', '星期六不能使用');
INSERT INTO `o2o_bis_foods` VALUES ('41', '笑一笑', '4', '4,25', '47', '35', '/upload\\20170902\\1b37c3b8db013d5e32ffe837192b80f9.jpg', '每天一笑，生活好轻松&lt;img src=&quot;http://web.o2o.com:88/static/layui/images/face/2.gif&quot; alt=&quot;[哈哈]&quot;&gt;&lt;img src=&quot;http://web.o2o.com:88/static/layui/images/face/13.gif&quot; alt=&quot;[偷笑]&quot;&gt;', '1503568000', '1513872000', '567.00', '234.00', '13', '0', '78', '0', '1502849600', '1510329600', '1504333597', '1504333597', '113.33261190633', '23.122109445226', '1', '7', '0.00', '进店之前，先笑一笑&gt;哈哈哈哈哈hahah哈哈哈哈哈&gt;[阴险][阴险]');
INSERT INTO `o2o_bis_foods` VALUES ('43', '烤鸭', '4', '4,25', '47', '35', '/upload\\20170902\\4794066063d013c4fb62c1257f2aa9b3.jpg', '奥术大师大', '1504248643', '1506667845', '111.00', '12.00', '12', '0', '222', '0', '1502843600', '1504335052', '1504335075', '1504335075', '113.33261190633', '23.122109445226', '1', '7', '0.00', '是多大的多多多多多多多多');
INSERT INTO `o2o_bis_foods` VALUES ('44', '蝴蝶', '2', '2,19', '47', '35', '/upload\\20170902\\d599c69347c184a984b010de52833a41.jpg', '少时诵诗书所所所所所所所所所所所', '1503849600', '1506096000', '222.00', '111.00', '2', '0', '333', '0', '1503849600', '1505318400', '1504336932', '1504336932', '113.33261190633', '23.122109445226', '1', '7', '0.00', '咯咯咯咯咯咯咯咯咯咯刚刚古古怪怪');
INSERT INTO `o2o_bis_foods` VALUES ('45', '排骨', '1', '1,14', '47', '35', '/upload\\20170903\\d9c05e31c916dd37cc6563e857af8b14.jpg', '&lt;div class=&quot;bpannel pr&quot;&gt;&lt;div class=&quot;recipe-exp&quot;&gt;&lt;div class=&quot;re-up&quot;&gt;&lt;h1 class=&quot;font18 no-overflow&quot; alt=&quot;糖醋排骨&quot;&gt;糖醋排骨&lt;/h1&gt;&lt;div&gt;&lt;p class=&quot;star mt10&quot; id=&quot;evaluator&quot;&gt;&lt;span class=&quot;orstar orstar0  \r\n              \r\n              &quot;&gt;&lt;/span&gt;&lt;span rel=&quot;1&quot; class=&quot;orstar  dorating orstar1  \r\n              \r\n              &quot;&gt;&lt;/span&gt;&lt;span rel=&quot;2&quot; class=&quot;orstar   dorating orstar2  \r\n              \r\n              &quot;&gt;&lt;/span&gt;&lt;span rel=&quot;3&quot; class=&quot;orstar   dorating orstar3 \r\n              \r\n             		 active \r\n              \r\n              \r\n              &quot;&gt;&lt;/span&gt;&lt;span rel=&quot;4&quot; class=&quot;orstar dorating orstar4 \r\n              \r\n              \r\n              &quot;&gt;&lt;/span&gt;&lt;span rel=&quot;5&quot; class=&quot;orstar  dorating orstar5\r\n              \r\n              &quot;&gt;&lt;/span&gt;&lt;/p&gt;&amp;nbsp;&lt;span class=&quot;font16 ml10 col&quot;&gt;3.6分&lt;/span&gt;&amp;nbsp;&lt;span class=&quot;font16 ml10 col&quot; id=&quot;zuofa_review_label&quot;&gt;31位评价&lt;/span&gt;&lt;/div&gt;&lt;div class=&quot;font16 mt20&quot;&gt;&lt;a target=&quot;_self&quot; class=&quot;btn-small btn-orange&quot; style=&quot;text-align: center;&quot;&gt;&lt;span class=&quot;icon-font icon-collect&quot;&gt;&lt;/span&gt;&lt;span class=&quot;ml10&quot;&gt;收藏&lt;/span&gt;&lt;/a&gt;&lt;/div&gt;&lt;p class=&quot;cg2 mt12&quot;&gt;食谱号&amp;nbsp;73187&amp;nbsp;&lt;span class=&quot;ml20&quot;&gt;阅读&lt;/span&gt;&amp;nbsp;531,590次&amp;nbsp;&lt;span class=&quot;ml20&quot;&gt;收藏&lt;/span&gt;&amp;nbsp;358次&lt;/p&gt;&lt;/div&gt;&lt;div class=&quot;re-down mt8&quot;&gt;&lt;a rel=&quot;nofollow&quot; href=&quot;http://www.xinshipu.com/chufang/5873/&quot; class=&quot;cb&quot;&gt;&lt;img class=&quot;photo24&quot; src=&quot;http://ali.xinshipu.cn/css/img/nophotobig.jpg@24w_24h_99q_1e_1c&quot;&gt;&amp;nbsp;谈路&lt;/a&gt;&lt;/div&gt;&lt;/div&gt;&lt;/div&gt;&lt;div class=&quot;bpannel mt20 p15 re-steps&quot;&gt;&lt;div class=&quot;dl clearfix&quot;&gt;&lt;div class=&quot;dt cg2&quot;&gt;简介&lt;/div&gt;&lt;div class=&quot;dd&quot;&gt;糖醋排骨是四川的一道很有名的凉菜，属于糖醋味。其特点是琥珀油亮，干香滋润，甜酸醇厚，是一道级好的下酒菜或是开胃菜。&lt;/div&gt;&lt;/div&gt;&lt;div class=&quot;dl clearfix mt20&quot;&gt;&lt;div class=&quot;dt cg2&quot;&gt;材料&lt;/div&gt;&lt;div class=&quot;dd&quot;&gt;&lt;p&gt;&lt;a href=&quot;http://www.xinshipu.com/zuofadaquan/8020/&quot; target=&quot;_blank&quot; title=&quot;猪排骨做法大全&quot; rel=&quot;CaiLiaoClicked&quot; class=&quot;orange-bottom&quot;&gt;&lt;span class=&quot;ingredient&quot;&gt;猪排骨&lt;/span&gt;&lt;/a&gt;500克，&lt;a href=&quot;http://www.xinshipu.com/zuofadaquan/2699/&quot; target=&quot;_blank&quot; title=&quot;生姜做法大全&quot; rel=&quot;CaiLiaoClicked&quot; class=&quot;orange-bottom&quot;&gt;&lt;span class=&quot;ingredient&quot;&gt;生姜&lt;/span&gt;&lt;/a&gt;15克，拍破，&lt;a href=&quot;http://www.xinshipu.com/zuofadaquan/200/&quot; target=&quot;_blank&quot; title=&quot;花椒做法大全&quot; rel=&quot;CaiLiaoClicked&quot; class=&quot;orange-bottom&quot;&gt;&lt;span class=&quot;ingredient&quot;&gt;花椒&lt;/span&gt;&lt;/a&gt;0.5克，植物油200毫升（耗25毫升），熟菜油5毫升或&lt;a href=&quot;http://www.xinshipu.com/zuofadaquan/8174/&quot; target=&quot;_blank&quot; title=&quot;香油做法大全&quot; rel=&quot;CaiLiaoClicked&quot; class=&quot;orange-bottom&quot;&gt;&lt;span class=&quot;ingredient&quot;&gt;香油&lt;/span&gt;&lt;/a&gt;，&lt;a href=&quot;http://www.xinshipu.com/zuofadaquan/1768/&quot; target=&quot;_blank&quot; title=&quot;红糖做法大全&quot; rel=&quot;CaiLiaoClicked&quot; class=&quot;orange-bottom&quot;&gt;&lt;span class=&quot;ingredient&quot;&gt;红糖&lt;/span&gt;&lt;/a&gt;75克，醋25毫升，料酒15毫升，盐2.5克，&lt;a href=&quot;http://www.xinshipu.com/zuofadaquan/1254/&quot; target=&quot;_blank&quot; title=&quot;鲜汤做法大全&quot; rel=&quot;CaiLiaoClicked&quot; class=&quot;orange-bottom&quot;&gt;&lt;span class=&quot;ingredient&quot;&gt;鲜汤&lt;/span&gt;&lt;/a&gt;或水600毫升，熟&lt;a href=&quot;http://www.xinshipu.com/zuofadaquan/416/&quot; target=&quot;_blank&quot; title=&quot;芝麻做法大全&quot; rel=&quot;CaiLiaoClicked&quot; class=&quot;orange-bottom&quot;&gt;&lt;span class=&quot;ingredient&quot;&gt;芝麻&lt;/span&gt;&lt;/a&gt;5克（可省略）&lt;/p&gt;&lt;/div&gt;&lt;/div&gt;&lt;div class=&quot;dl clearfix mt20&quot;&gt;&lt;div class=&quot;dt cg2&quot;&gt;做法&lt;/div&gt;&lt;div class=&quot;dd&quot;&gt;&lt;p&gt;1.选带肉较多的仔猪骨洗干净后，斩成约4厘米长的节。&lt;/p&gt;&lt;p&gt;2.用汤锅将水烧开，然后放排骨放下锅煮，加破姜、花椒、料酒；烧开后打去浮沫，继续改用中小火煮1小时20分钟，至肉能离骨就可以捞出来沥干水分了。&lt;/p&gt;&lt;p&gt;3.将炒锅放置在大火上，放油烧到七成热，下排骨炸2－3分钟左右，至棕红时捞出， 注意炸的时间不宜过长以免肉质发硬。&lt;/p&gt;&lt;p&gt;4.然后将锅洗干净，放入排骨，加鲜汤、红糖、盐及少许料酒，用中小火烧至汤汁快干时，加醋翻炒至收汁亮油。淋入少许熟油或香油翻匀，冷后入盘撒上熟芝麻就可以上桌了。&lt;/p&gt;&lt;/div&gt;&lt;/div&gt;&lt;div class=&quot;dl clearfix mt20&quot;&gt;&lt;div class=&quot;dt cg2&quot;&gt;相关&lt;/div&gt;&lt;div class=&quot;dd&quot;&gt;&lt;a href=&quot;http://www.xinshipu.com/jiachangzuofa/68967/&quot; target=&quot;_blank&quot; class=&quot;orange-bottom&quot;&gt;&lt;span class=&quot;ingredient&quot;&gt;糖醋&lt;/span&gt;&lt;/a&gt;&amp;nbsp;&amp;nbsp;&lt;a href=&quot;http://www.xinshipu.com/caipu/111807/&quot; target=&quot;_blank&quot; class=&quot;orange-bottom&quot;&gt;&lt;span class=&quot;ingredient&quot;&gt;骨&lt;/span&gt;&lt;/a&gt;&amp;nbsp;&amp;nbsp;&lt;/div&gt;&lt;/div&gt;&lt;/div&gt;', '1501516800', '1508256000', '88.00', '35.00', '17', '0', '56', '0', '1501430400', '1506700800', '1504427069', '1504427069', '113.33261190633', '23.122109445226', '1', '7', '0.00', '糖醋排骨的做法步骤');
INSERT INTO `o2o_bis_foods` VALUES ('46', '慕课', '2', '2,36', '76', '62', '/upload\\20170904\\6d54f454f1cb30607f68a1cc35325599.jpg', '阿双方发生&lt;img src=&quot;http://web.o2o.com:88/static/layui/images/face/2.gif&quot; alt=&quot;[哈哈]&quot;&gt;&lt;img src=&quot;http://web.o2o.com:88/static/layui/images/face/27.gif&quot; alt=&quot;[疑问]&quot;&gt;&lt;img src=&quot;http://web.o2o.com:88/static/layui/images/face/65.gif&quot; alt=&quot;[威武]&quot;&gt;', '1498579200', '1509033600', '67.00', '12.00', '16', '0', '32', '0', '1501430400', '1536249600', '1504521070', '1504521070', '118.76933262611', '32.066703140477', '1', '70', '0.00', '发斯蒂芬范德萨的发生东方闪电发生的方式&lt;img src=&quot;http://web.o2o.com:88/static/layui/images/face/46.gif&quot; alt=&quot;[互粉]&quot;&gt;&lt;img src=&quot;http://web.o2o.com:88/static/layui/images/face/37.gif&quot; alt=&quot;[色]&quot;&gt;');
INSERT INTO `o2o_bis_foods` VALUES ('47', '微信', '2', '2,19', '76', '62', '/upload\\20170904\\2c66442fc7b7a8ac5874b02b86a026eb.jpg', '都是紫色热死个人打发打发对付对付共同话题人&lt;img src=&quot;http://web.o2o.com:88/static/layui/images/face/50.gif&quot; alt=&quot;[熊猫]&quot;&gt;&lt;img src=&quot;http://web.o2o.com:88/static/layui/images/face/50.gif&quot; alt=&quot;[熊猫]&quot;&gt;', '1501516800', '1510934400', '47.00', '35.00', '16', '0', '322', '0', '1498406400', '1507910400', '1504521514', '1504521514', '118.76933262611', '32.066703140477', '1', '70', '0.00', '颠覆性的发大水1低端局规范新东方&lt;img src=&quot;http://web.o2o.com:88/static/layui/images/face/64.gif&quot; alt=&quot;[围观]&quot;&gt;&lt;img src=&quot;http://web.o2o.com:88/static/layui/images/face/46.gif&quot; alt=&quot;[互粉]&quot;&gt;');
INSERT INTO `o2o_bis_foods` VALUES ('50', 'iPhone x', '5', '5,32', '88', '74', '/upload/20170914/4e3ae1c2eed8966f8cdd999a9009cf40.jpg', '&lt;p&gt;&lt;strong&gt;【PConline 杂谈】&lt;/strong&gt;&lt;span&gt;每一个文科狗心中最大的愿望，是提笔就能成文，落笔如行云流水般洋洋洒洒，收笔之时一气呵成，遗憾的是，一般人到达不了这种境界，我也不例外。所以，当我想尽办法想用一句话来形容iPhone X的时候，我尴尬地发现我已然词穷语尽。&lt;/span&gt;&lt;/p&gt;', '1505318400', '1506700800', '9999.00', '888.00', '17', '0', '56', '0', '1503936000', '1506614400', '1505352984', '1505352984', '122.2613873315', '40.683511615144', '1', '82', '0.00', 'iPhone X全面屏很惊艳 你可能不会注意到这些细节');
INSERT INTO `o2o_bis_foods` VALUES ('51', '测试', '5', '5,7', '89', '75', '/upload/20170914/e53d22ecd621c8e1305470e65331518b.jpg', '爱迪生噶尔德国法二是广泛而2', '1503849600', '1504368000', '6664.00', '234.00', '18', '0', '34', '0', '1504368000', '1506096000', '1505374621', '1505374621', '120.21937541572', '30.259244461536', '1', '83', '0.00', '测试测试出的话我放');
INSERT INTO `o2o_bis_foods` VALUES ('52', '随心', '5', '5,33', '96', '82', '/upload/20170926/c4902e121b9566fa889f1deb04998f1a.jpg', '&lt;p&gt;&lt;span&gt;人生可以随心所欲，但不能随波逐流&lt;img src=&quot;http://www.61xiaok.xin/static/layui/images/face/1.gif&quot; alt=&quot;[嘻嘻]&quot;&gt;&lt;/span&gt;&lt;/p&gt;', '1504540800', '1507305600', '78.00', '55.00', '17', '0', '22', '0', '1503849600', '1506700800', '1506401300', '1506401300', '121.48789948569', '31.249161710015', '1', '90', '0.00', '我为自己代言');

-- ----------------------------
-- Table structure for o2o_bis_location
-- ----------------------------
DROP TABLE IF EXISTS `o2o_bis_location`;
CREATE TABLE `o2o_bis_location` (
  `id` int(11) unsigned NOT NULL AUTO_INCREMENT,
  `name` varchar(50) NOT NULL DEFAULT '',
  `logo` varchar(255) NOT NULL DEFAULT '',
  `tel` varchar(50) NOT NULL DEFAULT '',
  `contact` varchar(50) NOT NULL DEFAULT '' COMMENT '联系人',
  `xpoint` varchar(255) NOT NULL DEFAULT '' COMMENT 'jingdu',
  `ypoint` varchar(255) NOT NULL DEFAULT '' COMMENT 'weidu',
  `bis_id` int(11) unsigned NOT NULL DEFAULT '0' COMMENT '商家ID',
  `open_time` varchar(100) NOT NULL DEFAULT '' COMMENT '营业时间',
  `content` text NOT NULL COMMENT '门店简介',
  `is_main` tinyint(1) NOT NULL DEFAULT '0' COMMENT '是否为默认总店',
  `api_address` text COMMENT '用于地图定位的地址',
  `city_id` int(11) NOT NULL COMMENT '所属城市ID',
  `city_path` varchar(255) NOT NULL DEFAULT '' COMMENT '1,2',
  `category_id` int(11) NOT NULL COMMENT '所属生活服务大分类ID',
  `category_path` varchar(255) NOT NULL DEFAULT '' COMMENT '1,2',
  `preview` varchar(255) NOT NULL DEFAULT '5.6' COMMENT '列表图',
  `listorder` varchar(20) NOT NULL DEFAULT '0',
  `status` tinyint(1) NOT NULL DEFAULT '1',
  `create_time` int(11) unsigned NOT NULL DEFAULT '0',
  `update_time` int(11) unsigned NOT NULL DEFAULT '0',
  PRIMARY KEY (`id`),
  KEY `bis_id` (`bis_id`) USING BTREE,
  KEY `city_id` (`city_id`) USING BTREE,
  KEY `category_id` (`category_id`) USING BTREE
) ENGINE=InnoDB AUTO_INCREMENT=83 DEFAULT CHARSET=utf8;

-- ----------------------------
-- Records of o2o_bis_location
-- ----------------------------
INSERT INTO `o2o_bis_location` VALUES ('1', '肯德基哈', '/upload/20170122/d661330e18bc6a1df35b9a534a13c42d.png', '010-3467989', 'singwa', '116.294267963', '40.1490726989', '1', '12：00-19：00', '<p>试试</p>', '1', '测试位置', '1', '4,8', '2', '2,3', '8.0', '0', '1', '1485043108', '1486200038');
INSERT INTO `o2o_bis_location` VALUES ('2', '肯德基哈', '/upload\\20170830\\4c12c765d568d136d5d758dc9ca618d3.jpg', '010-3467989', 'singwa', '101.59295163701', '24.864212795483', '2', '09:00~23:00', '&lt;ul class=&quot;filter-result list-paddingleft-2&quot; style=&quot;list-style-type: none;&quot;&gt;&lt;li&gt;&lt;p class=&quot;filter-result-abstract&quot; style=&quot;margin-bottom: 0px; padding: 0px; line-height: 20px;&quot;&gt;我们来丽江，遇见自己，遗忘过往，漫步古城感受闲适光阴里的一花一木，让午后的一米阳光一下子照进心中最柔...&lt;/p&gt;&lt;header class=&quot;filter-result-hd pr yahei&quot; style=&quot;margin: 0px; padding: 0px; position: relative; font-family: 微软雅黑, Simhei; height: 30px; line-height: 30px;&quot;&gt;&lt;br/&gt;&lt;/header&gt;&lt;/li&gt;&lt;/ul&gt;', '1', '云南丽江', '4', '4,5', '2', '2', '6.8', '0', '1', '1485044342', '1486199730');
INSERT INTO `o2o_bis_location` VALUES ('3', '哇哈哈店', '/upload\\20170830\\2e72a7918b7d1dfae0e9786915402425.jpg', '010-3467989', '王小蜜', '113.35588721229', '23.145512363957', '3', '09:00~23:00', '&lt;p&gt;alert(adf);&lt;/p&gt;&lt;p&gt;哈哈哈哈哈哈&lt;span style=&quot;color: rgb(0, 176, 240);&quot;&gt;哈哈哈哈哈哈&lt;/span&gt;&lt;/p&gt;', '1', '广州华南师范大学alert(1);', '10', '10,11', '5', '5', '5.7', '0', '1', '1485045612', '1486200032');
INSERT INTO `o2o_bis_location` VALUES ('4', '测试商户', '/upload\\20170830\\1c8893c3cfa32e213576b9fc9b930df5.jpg', '010-3467989', 'singwa', '115.91426282739', '28.689230233762', '4', '09:00~23:00', '&lt;p&gt;试试&lt;/p&gt;&lt;p&gt;试试断点&lt;/p&gt;&lt;p&gt;刚刚&lt;/p&gt;', '0', '江西省南昌市东湖区福州路95号', '4', '4,6', '2', '2', '8.8', '0', '1', '1486279362', '1486279362');
INSERT INTO `o2o_bis_location` VALUES ('5', '牛太郎自助烧烤', '/upload/20170219/13aacdc4185ac77ddcc6b2d1f356fbd1.jpg', '18618158941', 'singwa', '115.842138613', '28.7652149761', '5', '09:00~23:00', '<p>很好的门店呀</p>', '1', '江西省南昌经济技术开发区志敏大道1101号', '15', '4,5', '1', '1,27', '5.4', '0', '1', '1487489106', '1487489187');
INSERT INTO `o2o_bis_location` VALUES ('6', '江户前料理', '/upload\\20170831\\58df47ff3c3f47e268761b23edfaab2a.jpg', '偶像', '偶像', '113.33261190633', '23.122109445226', '6', '09:00~23:00', '&lt;p&gt;很好的门店呀&lt;/p&gt;', '1', '南昌市东湖区沿江北路69号（瑞颐大酒店2楼', '4', '4,5', '6', '6,16', '8.5', '0', '1', '1487503055', '1487503055');
INSERT INTO `o2o_bis_location` VALUES ('7', '江户前好料理', '/upload/20170219/64fad76c6cb6084ba466b43810fe4d25.jpg', '010-3467989', 'singwa', '115.888777186', '28.6890034095', '7', '09:00~23:00', '<p><span style=\"color: rgb(102, 102, 102); font-family: SimSun; font-size: 14px;\">南昌市东湖区沿江北路69号</span></p>', '1', '南昌市东湖区沿江北路69号（瑞颐大酒店2楼', '4', '4,5', '1', '1,10', '7.0', '0', '1', '1487503182', '1487503201');
INSERT INTO `o2o_bis_location` VALUES ('8', '黄记煌三汁焖锅', '/upload/20170219/a89a8c417e7e5ff3079e4e2b6129d785.jpg', '010-3467989', 'singwa', '115.905503455', '28.6652145737', '8', '09:00~23:00', '<p>南昌人的好地方</p>', '1', '南昌市西湖区金塔西街3号(绳金塔)', '15', '4,5', '1', '1,14', '5.7', '0', '1', '1487503735', '1487503779');
INSERT INTO `o2o_bis_location` VALUES ('9', '食在自助火锅百汇', '/upload\\20170830\\0745d6d1bd2c514a4d72f12cdd3dce2a.jpg', '18618158941', 'singwa', '115.82626642583', '29.015561573678', '9', '09:00~23:00', '&lt;p&gt;牛&lt;/p&gt;', '1', '九江市永修县新城建昌大道永修铜锣湾广场三楼', '10', '10,11', '1', '1', '8.8', '0', '1', '1487507175', '1487507227');
INSERT INTO `o2o_bis_location` VALUES ('10', '小红', '/upload\\20170830\\fba6807d34050d5fdf992ba133baeb78.jpg', '123123', '小红', '113.30764967515', '23.120049102076', '36', '9:00~19:00', '&lt;p&gt;我是小小红&lt;/p&gt;', '0', '广州警官学院', '10', '10,12', '6', '6,35', '5.6', '0', '-1', '1504102645', '1504102645');
INSERT INTO `o2o_bis_location` VALUES ('11', '灰太狼', '/upload\\20170830\\1632e484a3549c2f375d8e23f1a22694.jpg', '88888888', '灰太狼', '113.30764967515', '23.120049102076', '21', '9:00~18:00', '<p><span style=\"color: rgb(0, 112, 192);\">我是灰太狼</span>，<sub><span style=\"font-family: 微软雅黑, &quot;Microsoft YaHei&quot;;\">为什么受伤的总是我</span></sub><br/></p>', '0', '广州体育中心', '4', '4,8', '2', '2,19', '5.6', '0', '-1', '1504035542', '1504035542');
INSERT INTO `o2o_bis_location` VALUES ('12', '乳酸菌', '/upload\\20170830\\1632e484a3549c2f375d8e23f1a22694.jpg', '88888888', '八哥', '113.26422165852', '23.154872071524', '22', '9:00~18:00', '<p><font color=\"#0070c0\">我是乳酸菌，我的功能最多</font></p>', '0', '广州火车站', '4', '4,7', '1', '1', '5.6', '0', '-1', '1504036241', '1504036241');
INSERT INTO `o2o_bis_location` VALUES ('13', '慕课', '/upload\\20170830\\25fad3780ee23e0c356c72c854e79041.jpg', '12312', 'muke', '116.32543810729', '39.982358713719', '46', '12:00~18:00', '&lt;p&gt;沃尔夫距离开始DNF来我房间欧文dkffffffffffffdf12&lt;/p&gt;', '0', '北京博物馆', '14', '14,17', '5', '5,32', '5.6', '0', '-1', '1504106357', '1504106357');
INSERT INTO `o2o_bis_location` VALUES ('35', '小小店铺', '/upload\\20170904\\5475679122e51ea0d48458beb84e77b3.jpg', '1234556678', 'xiaoxiao5', '117.18652262527', '29.303562768448', '47', '9:00~15:00', '&lt;p&gt;的发广告噶所所所所所所所所所所所所所所所所所&lt;/p&gt;', '0', '江西景德镇', '4', '4,6', '4', '4,23', '5.6', '0', '1', '1504107493', '1504107493');
INSERT INTO `o2o_bis_location` VALUES ('36', 'xiaok', '/upload\\20170831\\ea964ffacd79289d27ef1d5c77844172.jpg', '123132', 'xiaok', '113.30764967515', '23.120049102076', '50', '3', '&lt;p&gt;欧舒丹法拉盛登记费欧式覅及诶咯大姐夫vejfiodijfii3阿什顿发空间啊说服力&lt;/p&gt;', '0', '广州外语外贸学院', '15', '15,18', '2', '2,3', '5.6', '0', '-1', '1504117683', '1504117683');
INSERT INTO `o2o_bis_location` VALUES ('37', '123', '/upload\\20170901\\00cacc6c6ca2a3a4f4377416c7612abd.jpg', '123123', '123qwe', '112.4761681242', '23.060454825403', '52', '9:00~17:00', '&lt;p&gt;56754634234&lt;/p&gt;', '0', '肇庆七星岩', '10', '10,12', '4', '4,23', '5.6', '0', '-1', '1504268527', '1504268527');
INSERT INTO `o2o_bis_location` VALUES ('38', '电脑城', '/upload\\20170902\\156d9cf234fbd84ab94b9261c28f11a0.jpg', '123123', '电脑', '116.241103', '39.957396', '51', '9:00~17:00', '&lt;p&gt;我是电脑，我是电脑，我是电脑，我是电脑，我是电脑，我是电脑，我是电脑，我是电脑，我是电脑，我是电脑，我是电脑，我是电脑，我是电脑，我是电脑，我是电脑，我是电脑，我是电脑，我是电脑，我是电脑，我是电脑，我是电脑，我是电脑，我是电脑，我是电脑，我是电脑，我是电脑，我是电脑，我是电脑，我是电脑，我是电脑，我是电脑，我是电脑，我是电脑，我是电脑，我是电脑，我是电脑，我是电脑，我是电脑，我是电脑，我是电脑，我是电脑，我是电脑，我是电脑，我是电脑，&lt;/p&gt;', '0', '广州越秀区越秀公园', '4', '4,9', '2', '2,22', '5.6', '0', '-1', '1504366723', '1504366723');
INSERT INTO `o2o_bis_location` VALUES ('39', '心悦', '/upload\\20170904\\2a641b8b864787ba5e65b693dd8c9238.jpg', '123123', 'xinyue', '121.48789948569', '31.249161710015', '52', '12', '&lt;p&gt;心悦，手拉手大富科技都是浪费空间啊都是法律框架二维1༺露娜༻༺露娜༻&lt;/p&gt;', '0', '上海机场', '14', '14,17', '5', '5,33', '5.6', '0', '-1', '1504498052', '1504498052');
INSERT INTO `o2o_bis_location` VALUES ('62', 'study', '/upload\\20170904\\8b15efa4300d6d4309721bb0127def01.jpg', '123123', 'STU', '118.76933262611', '32.066703140477', '76', '9:00~15:00', '&lt;p&gt;adsfa&lt;img src=&quot;/ueditor/php/upload/image/20170904/1504516917409146.jpg&quot; title=&quot;1504516917409146.jpg&quot; alt=&quot;5.jpg&quot;/&gt;&lt;img src=&quot;/ueditor/php/upload/image/20170904/1504516935110040.jpg&quot; title=&quot;1504516935110040.jpg&quot; alt=&quot;timg (9).jpg&quot;/&gt;&lt;/p&gt;', '0', '江苏省政府', '16', '16', '2', '2,36', '5.6', '0', '-1', '1504516960', '1504516960');
INSERT INTO `o2o_bis_location` VALUES ('74', 'iPhone', '/upload/20170914/d1413e60af2902654a65e5910357b07e.jpg', '5555555555555', '史蒂夫-乔布斯', '122.2613873315', '40.683511615144', '88', '12', '&lt;p&gt;&lt;span style=&quot;color: rgb(89, 87, 87); font-family: 微软雅黑; font-size: 24px;&quot;&gt;苹果&ldquo;十周年纪念版&rdquo;iPhoneX发布　史上最贵采用OLED全面屏及人脸识别&lt;/span&gt;&lt;/p&gt;', '0', '美国史蒂夫-乔布斯剧院', '14', '14,17', '5', '5,32', '5.6', '0', '-1', '1505351494', '1505351494');
INSERT INTO `o2o_bis_location` VALUES ('75', '测试', '/upload/20170914/8630d9802492df8c90a3bd46cc483886.jpg', '3241234', 'ceshi', '120.21937541572', '30.259244461536', '89', '123', '&lt;p&gt;我是测试数据&lt;/p&gt;', '0', '浙江杭州', '15', '15,18', '5', '5,7', '5.6', '0', '-1', '1505374458', '1505374458');
INSERT INTO `o2o_bis_location` VALUES ('82', '在路上', '/upload/20170926/331f8dba9a33eeaa0d61959261239271.jpg', '123123', '在路上', '121.48789948569', '31.249161710015', '96', '24', '&lt;blockquote&gt;&lt;p&gt;人生可以随心所欲，&lt;span style=&quot;color: rgb(0, 112, 192);&quot;&gt;但不能随波逐流&lt;/span&gt;&lt;/p&gt;&lt;/blockquote&gt;', '0', '上海市中心', '14', '14', '5', '5', '5.6', '0', '1', '1506401078', '1506401078');

-- ----------------------------
-- Table structure for o2o_category
-- ----------------------------
DROP TABLE IF EXISTS `o2o_category`;
CREATE TABLE `o2o_category` (
  `id` int(10) unsigned NOT NULL AUTO_INCREMENT,
  `name` varchar(50) NOT NULL DEFAULT '',
  `parent_id` int(10) unsigned NOT NULL,
  `listorder` int(8) NOT NULL DEFAULT '0',
  `status` tinyint(1) NOT NULL DEFAULT '0',
  `create_time` int(11) unsigned NOT NULL DEFAULT '0',
  `update_time` int(11) unsigned NOT NULL DEFAULT '0',
  PRIMARY KEY (`id`)
) ENGINE=InnoDB AUTO_INCREMENT=37 DEFAULT CHARSET=utf8;

-- ----------------------------
-- Records of o2o_category
-- ----------------------------
INSERT INTO `o2o_category` VALUES ('1', '美食之家', '0', '6', '-1', '1483213792', '1506401804');
INSERT INTO `o2o_category` VALUES ('2', '娱乐', '0', '1', '1', '1483213800', '1503925864');
INSERT INTO `o2o_category` VALUES ('3', 'KTV', '2', '1', '1', '1483213807', '1504418913');
INSERT INTO `o2o_category` VALUES ('4', '酒店', '0', '2', '1', '1483219509', '1503925849');
INSERT INTO `o2o_category` VALUES ('5', '休闲', '0', '3', '0', '1483219542', '1506401778');
INSERT INTO `o2o_category` VALUES ('6', '丽人', '0', '4', '1', '1483219557', '1506401718');
INSERT INTO `o2o_category` VALUES ('7', '电影', '5', '3', '-1', '1483339774', '1483351709');
INSERT INTO `o2o_category` VALUES ('8', '自助餐', '1', '0', '1', '1487083329', '1487083329');
INSERT INTO `o2o_category` VALUES ('9', '火锅', '1', '0', '1', '1487083350', '1487083350');
INSERT INTO `o2o_category` VALUES ('10', '料理', '1', '0', '1', '1487083438', '1487083438');
INSERT INTO `o2o_category` VALUES ('11', '西餐', '1', '0', '1', '1487083445', '1487083526');
INSERT INTO `o2o_category` VALUES ('12', '东北菜', '1', '0', '1', '1487083456', '1487083480');
INSERT INTO `o2o_category` VALUES ('13', '川湘菜', '1', '0', '-1', '1487083469', '1487083469');
INSERT INTO `o2o_category` VALUES ('14', '江浙菜', '1', '5', '8', '1487083504', '1487404840');
INSERT INTO `o2o_category` VALUES ('15', '美发', '6', '0', '1', '1487083549', '1487083549');
INSERT INTO `o2o_category` VALUES ('16', '美甲', '6', '0', '1', '1487083557', '1487083557');
INSERT INTO `o2o_category` VALUES ('17', '纹身', '6', '0', '5', '1487083570', '1487083570');
INSERT INTO `o2o_category` VALUES ('18', '祛痘', '6', '0', '-1', '1487083581', '1487083581');
INSERT INTO `o2o_category` VALUES ('19', '旅游', '2', '0', '1', '1487403581', '1502771553');
INSERT INTO `o2o_category` VALUES ('20', '足疗', '5', '0', '1', '1487404644', '1487404644');
INSERT INTO `o2o_category` VALUES ('21', '温泉', '5', '0', '1', '1487404680', '1487404680');
INSERT INTO `o2o_category` VALUES ('22', '电玩', '2', '0', '1', '1487404701', '1487404701');
INSERT INTO `o2o_category` VALUES ('23', '公寓', '4', '0', '1', '1487404755', '1487404755');
INSERT INTO `o2o_category` VALUES ('24', '旅馆', '4', '0', '-1', '1487404763', '1487404763');
INSERT INTO `o2o_category` VALUES ('25', '豪华店', '4', '0', '1', '1487404779', '1487404779');
INSERT INTO `o2o_category` VALUES ('26', '素食', '1', '0', '1', '1487404812', '1487404812');
INSERT INTO `o2o_category` VALUES ('27', '烧烤', '1', '0', '6', '1487487960', '1487487960');
INSERT INTO `o2o_category` VALUES ('28', '竹篙粉', '1', '2', '1', '1488092427', '1488092427');
INSERT INTO `o2o_category` VALUES ('29', '咸骨粥', '1', '0', '1', '1488092427', '1503925925');
INSERT INTO `o2o_category` VALUES ('30', '我的梦想', '19', '0', '1', '0', '0');
INSERT INTO `o2o_category` VALUES ('31', '大象', '6', '0', '1', '0', '0');
INSERT INTO `o2o_category` VALUES ('32', '小明', '5', '0', '1', '0', '0');
INSERT INTO `o2o_category` VALUES ('33', '小小', '5', '0', '1', '1502769345', '1506401449');
INSERT INTO `o2o_category` VALUES ('34', '小龙虾', '1', '0', '-1', '1502771735', '1502771735');
INSERT INTO `o2o_category` VALUES ('35', '护肤', '6', '0', '-1', '1503920752', '1503920752');
INSERT INTO `o2o_category` VALUES ('36', '潜水', '2', '0', '-1', '1504418827', '1504418827');

-- ----------------------------
-- Table structure for o2o_city
-- ----------------------------
DROP TABLE IF EXISTS `o2o_city`;
CREATE TABLE `o2o_city` (
  `id` int(11) unsigned NOT NULL AUTO_INCREMENT,
  `name` varchar(50) NOT NULL DEFAULT '',
  `uname` varchar(50) NOT NULL DEFAULT '',
  `parent_id` int(10) unsigned NOT NULL DEFAULT '0',
  `is_default` tinyint(1) unsigned NOT NULL DEFAULT '0',
  `listorder` varchar(20) NOT NULL DEFAULT '0',
  `status` tinyint(1) NOT NULL DEFAULT '1',
  `create_time` int(11) unsigned NOT NULL DEFAULT '0',
  `update_time` int(11) unsigned NOT NULL DEFAULT '0',
  PRIMARY KEY (`id`),
  UNIQUE KEY `uname` (`uname`) USING BTREE,
  KEY `parent_id` (`parent_id`) USING BTREE
) ENGINE=InnoDB AUTO_INCREMENT=19 DEFAULT CHARSET=utf8;

-- ----------------------------
-- Records of o2o_city
-- ----------------------------
INSERT INTO `o2o_city` VALUES ('1', '北京', 'beijing1', '0', '0', '', '1', '1474013959', '0');
INSERT INTO `o2o_city` VALUES ('2', '北京市', 'beijing', '1', '0', '', '1', '1474014007', '0');
INSERT INTO `o2o_city` VALUES ('4', '江西', 'jiangxi', '0', '0', '', '1', '1474014162', '0');
INSERT INTO `o2o_city` VALUES ('5', '南昌', 'nanchang', '4', '1', '', '1', '1474014181', '0');
INSERT INTO `o2o_city` VALUES ('6', '上饶', 'shangrao', '4', '0', '', '1', '1474014193', '0');
INSERT INTO `o2o_city` VALUES ('7', '抚州', 'fuzhou', '4', '0', '', '1', '1474014204', '0');
INSERT INTO `o2o_city` VALUES ('8', '景德镇', 'jdz', '4', '0', '', '1', '1474014220', '0');
INSERT INTO `o2o_city` VALUES ('9', '九江', 'jiujiang', '4', '0', '0', '1', '1474014193', '0');
INSERT INTO `o2o_city` VALUES ('10', '广东', 'guangdong', '0', '0', '0', '1', '1474014193', '0');
INSERT INTO `o2o_city` VALUES ('11', '广州', 'guangzhou', '10', '0', '0', '1', '1474014193', '0');
INSERT INTO `o2o_city` VALUES ('12', '肇庆', 'zhaoqing', '10', '0', '0', '1', '1474014193', '0');
INSERT INTO `o2o_city` VALUES ('13', '佛山', 'fosan', '10', '0', '0', '1', '1474014193', '0');
INSERT INTO `o2o_city` VALUES ('14', '上海', 'shanghai', '0', '0', '0', '1', '1474014193', '0');
INSERT INTO `o2o_city` VALUES ('15', '浙江', 'zhejiang', '0', '0', '0', '1', '1474014193', '0');
INSERT INTO `o2o_city` VALUES ('16', '江苏', 'jiangsu', '0', '0', '0', '1', '1474014193', '0');
INSERT INTO `o2o_city` VALUES ('17', '上海市', 'shanghaishi', '14', '0', '0', '1', '1474014193', '0');
INSERT INTO `o2o_city` VALUES ('18', '杭州', 'hangzhou', '15', '0', '0', '1', '1474014193', '0');

-- ----------------------------
-- Table structure for o2o_featured
-- ----------------------------
DROP TABLE IF EXISTS `o2o_featured`;
CREATE TABLE `o2o_featured` (
  `id` int(11) NOT NULL AUTO_INCREMENT,
  `type` tinyint(1) NOT NULL DEFAULT '0' COMMENT '推荐位类别默认为0',
  `title` varchar(255) NOT NULL COMMENT '标题',
  `image` varchar(255) NOT NULL COMMENT '图片',
  `url` varchar(255) NOT NULL COMMENT '地址',
  `description` varchar(255) NOT NULL COMMENT '描述',
  `create_time` int(11) NOT NULL COMMENT '注册时间',
  `update_time` int(11) NOT NULL COMMENT '修改时间',
  `status` tinyint(1) NOT NULL COMMENT '状态 0 -1 1 2等 1为正常',
  `listorder` int(8) NOT NULL DEFAULT '0',
  PRIMARY KEY (`id`)
) ENGINE=InnoDB AUTO_INCREMENT=6 DEFAULT CHARSET=utf8 COMMENT='推荐位表';

-- ----------------------------
-- Records of o2o_featured
-- ----------------------------
INSERT INTO `o2o_featured` VALUES ('1', '0', '测试', '/upload/20170206/2fa57593de70460f8536f2de63702fd9.png', 'http://weibo.com/ajaxlogin.php?framelogin=1&callback=parent.sinaSSOController.feedBackUrlCallBack', '', '1483203600', '1486895058', '-1', '0');
INSERT INTO `o2o_featured` VALUES ('2', '0', '新浪体育', '/upload/20170206/762564e8e90163d6e1a53a52f2fee5a8.png', 'http://d.nuomi.com/?1009764s', 'ss', '1483203600', '1486916853', '1', '0');
INSERT INTO `o2o_featured` VALUES ('3', '0', '火锅开刷了哦，快快来', '/upload/20170218/9bc3fd3e2de56c4c94382a58769b6bb0.jpg', 'http://o2o.singwa.com/index/lists/index?id=9', '火锅', '1487405559', '1487405564', '1', '0');
INSERT INTO `o2o_featured` VALUES ('4', '0', '很好的美食', '/upload/20170218/927fb8ac813e2482b0073fb59b8be537.jpg', 'http://o2o.singwa.com/index/lists/index?id=1', '哈哈', '1487405886', '1487406949', '1', '0');
INSERT INTO `o2o_featured` VALUES ('5', '1', '美团美食推荐', '/upload/20170218/81d5b75f12e9b7188c97aef0aa39c3ef.jpg', 'http://meituan.com', '', '1487406061', '1487406956', '1', '0');

-- ----------------------------
-- Table structure for o2o_user
-- ----------------------------
DROP TABLE IF EXISTS `o2o_user`;
CREATE TABLE `o2o_user` (
  `id` int(11) NOT NULL AUTO_INCREMENT,
  `username` varchar(20) NOT NULL COMMENT '会员名',
  `password` varchar(300) NOT NULL COMMENT '会员密码',
  `code` varchar(10) NOT NULL COMMENT '登录用的标识码(md5加密前缀)',
  `last_login_time` varchar(255) DEFAULT NULL COMMENT '最后登录时间',
  `email` varchar(255) DEFAULT NULL COMMENT '会员邮件',
  `mobile` varchar(255) DEFAULT '' COMMENT '会员手机号',
  `create_time` int(11) DEFAULT NULL COMMENT '注册时间',
  `update_time` int(11) DEFAULT NULL COMMENT '修改时间',
  `status` tinyint(1) NOT NULL DEFAULT '1' COMMENT '状态 0 -1 1 2等 1为正常',
  `token` varchar(255) DEFAULT NULL,
  `openId` varchar(300) DEFAULT NULL,
  PRIMARY KEY (`id`)
) ENGINE=InnoDB AUTO_INCREMENT=25 DEFAULT CHARSET=utf8 COMMENT='会员表';

-- ----------------------------
-- Records of o2o_user
-- ----------------------------
INSERT INTO `o2o_user` VALUES ('1', 'singwa', 'c19a21c9282e5e2067740256440b6649', '9396', '1487176308', 'singwa3@126.com', '', '1486916110', '1487176308', '1', null, null);
INSERT INTO `o2o_user` VALUES ('2', 'php', '5f8af914ba99462942662c75489ceec2', '6106', '1503552526', 'php@qq.com', '', '1503552526', '1503552526', '-1', null, null);
INSERT INTO `o2o_user` VALUES ('3', 'xiao', '11d46b6ba4236a6986905a01c8f93e71', '5330', '1503552138', 'xiao@qq.com', '', '1503552138', '1503552138', '-1', null, null);
INSERT INTO `o2o_user` VALUES ('4', 'xiaoxiaoa', 'f8f54247bc52b350bcb55a00cc4a6062', '4448', '1503492551', 'xiaoxiao@163.com', '', '1503492551', '1503492551', '-1', null, null);
INSERT INTO `o2o_user` VALUES ('5', '小白梨', '52e116db863bbf465b17f605a7f16aa7', '7904', '1503547803', 'xiaobai@qq.com', '', '1503547803', '1503547803', '-1', null, null);
INSERT INTO `o2o_user` VALUES ('6', '小虾米', '52ed3ed98f6863466514f47299f6e1e4', '6653', '1503550494', 'xiaof@qq.com', '', '1503550494', '1503550494', '-1', null, null);
INSERT INTO `o2o_user` VALUES ('7', 'xiaomi', '0af861888d9a393f18072e9f61647fd1', '9981', '1503550606', 'xiaof@qq.com', '', '1503550606', '1503550606', '-1', null, null);
INSERT INTO `o2o_user` VALUES ('9', '123aaa', '9834e7f1dc6e4e851b7848f7bf09e08f', '2423', '1503677137', '123@qq.com', '', '1503677137', '1503677137', '-1', null, null);
INSERT INTO `o2o_user` VALUES ('10', 'kkk', '6f819eeac7b571be75ba5fb00bfd1c4e', '5542', '1504348639', '123@qq.com', '', '1504348639', '1504348639', '-1', null, null);
INSERT INTO `o2o_user` VALUES ('11', '小白鼠', 'c2d8283cbaa3f6476c478c0bb754a42b', '2849', '1504414534', '123@163.com', '', '1504414534', '1504414534', '-1', null, null);
INSERT INTO `o2o_user` VALUES ('12', 'qqq', '05706623eb3579c1501d44cb857c6c8d', '8158', '1504493681', 'hejj@qq.com', '', '1504493681', '1504493681', '-1', null, null);
INSERT INTO `o2o_user` VALUES ('13', 'jjj', '7826be888e20c3bc34541def79f829fa', '2790', '1504494047', 'jjj@163.com', '', '1504494047', '1504494047', '-1', null, null);
INSERT INTO `o2o_user` VALUES ('14', 'study', 'eea9ae958bb67b85908136910fcc0dba', '1739', '1504516588', '123@qq.com', '', '1504516588', '1504516588', '-1', null, null);
INSERT INTO `o2o_user` VALUES ('15', '321aaa', 'af7979eba95d115f7d1e0a5c1e43121a', '5591', '1505237071', '123@qq.com', '', '1505237071', '1505237071', '-1', null, null);
INSERT INTO `o2o_user` VALUES ('16', '111aaaa', 'e558f4306b2c736620291795c737502d', '7280', '1505353086', '111@qq.com', '', '1505353086', '1505353086', '-1', null, null);
INSERT INTO `o2o_user` VALUES ('17', 'aaa', '13725ae5703fcf346e10df22f29f1c0c', '7535', '1505372794', 'aaa@qq.com', '', '1505372794', '1505372794', '-1', null, null);
INSERT INTO `o2o_user` VALUES ('23', '糊涂客', '4d3c272b7251e0787814cb5e8b20c421', '1212', '1508481733', null, '', '1506367420', '1508481733', '1', '21E031E186B8DF1DEEC6D91B74288AFB', '22A720CA1C9AC45724EC3DA167CE1DB3');
INSERT INTO `o2o_user` VALUES ('24', '321', '4d3c272b7251e0787814cb5e8b20c421', '1212', '1506373833', null, '', '1506373597', '1506373833', '1', '8ED5E9018AD00F587C071F78C14E1727', '9B4D64B81640808CEC1B8842094F4F0F');
